seed,modelo,selector,N,features,suavizado_w,hiperparametros,control_historico,mae_validacion_interna
0,RF,PI,15,energia|rms|entropia|pico_pico|e_banda|varianza|std|kurtosis_s|wav_e1|wav_e3|centroide|pico_ac|wav_e0|snr_cardiac|freq_dom,9,"{""bootstrap"": true, ""max_depth"": null, ""max_features"": 0.5, ""min_samples_leaf"": 8, ""min_samples_split"": 4, ""n_estimators"": 800}",,8.512785
0,SVR,PI,15,energia|rms|entropia|pico_pico|e_banda|varianza|std|kurtosis_s|wav_e1|wav_e3|centroide|pico_ac|wav_e0|snr_cardiac|freq_dom,9,"{""C"": 2, ""epsilon"": 0.5, ""gamma"": ""scale""}",,8.532666
1,RF,PI,20,rms|pico_pico|varianza|energia|std|entropia|kurtosis_s|pico_ac|centroide|bpm_ac_parab|wav_e0|wav_e3|e_banda|wav_e2|snr_cardiac|skewness_s|bpm_ac|ancho_banda|bpm_est|bpm_harm,5,"{""bootstrap"": true, ""max_depth"": 12, ""max_features"": 1.0, ""min_samples_leaf"": 2, ""min_samples_split"": 2, ""n_estimators"": 400}",,8.426402
1,SVR,PI,20,rms|pico_pico|varianza|energia|std|entropia|kurtosis_s|pico_ac|centroide|bpm_ac_parab|wav_e0|wav_e3|e_banda|wav_e2|snr_cardiac|skewness_s|bpm_ac|ancho_banda|bpm_est|bpm_harm,5,"{""C"": 5, ""epsilon"": 0.5, ""gamma"": 0.005}",,8.414091
2,RF,PI,15,energia|varianza|rms|pico_pico|std|kurtosis_s|e_banda|entropia|pico_ac|wav_e1|media|wav_e3|centroide|wav_e2|ratio_e,7,"{""bootstrap"": true, ""max_depth"": null, ""max_features"": 0.5, ""min_samples_leaf"": 2, ""min_samples_split"": 4, ""n_estimators"": 400}",,8.338989
2,SVR,PI,15,energia|varianza|rms|pico_pico|std|kurtosis_s|e_banda|entropia|pico_ac|wav_e1|media|wav_e3|centroide|wav_e2|ratio_e,7,"{""C"": 5, ""epsilon"": 0.75, ""gamma"": ""scale""}",,8.341295
3,RF,PI,15,rms|energia|pico_pico|std|varianza|e_banda|kurtosis_s|entropia|wav_e1|wav_e3|centroide|wav_e2|media|bpm_harm|ratio_e,9,"{""bootstrap"": true, ""max_depth"": 12, ""max_features"": 0.75, ""min_samples_leaf"": 32, ""min_samples_split"": 4, ""n_estimators"": 400}",,8.502484
3,SVR,PI,12,rms|energia|pico_pico|std|varianza|e_banda|kurtosis_s|entropia|wav_e1|wav_e3|centroide|wav_e2,9,"{""C"": 25, ""epsilon"": 1.0, ""gamma"": ""scale""}",,8.456602
4,RF,PI,15,pico_pico|varianza|std|energia|rms|kurtosis_s|entropia|centroide|wav_e3|snr_cardiac|ratio_e|pico_ac|wav_e1|bpm_ac_parab|media,7,"{""bootstrap"": true, ""max_depth"": 12, ""max_features"": 1.0, ""min_samples_leaf"": 16, ""min_samples_split"": 8, ""n_estimators"": 200}",,8.526644
4,SVR,PI,10,pico_pico|varianza|std|energia|rms|kurtosis_s|entropia|centroide|wav_e3|snr_cardiac,9,"{""C"": 10, ""epsilon"": 1.0, ""gamma"": ""scale""}",,8.534547
5,RF,PI,10,rms|pico_pico|varianza|energia|kurtosis_s|std|entropia|bpm_ac_parab|e_banda|bpm_est,9,"{""bootstrap"": true, ""max_depth"": 12, ""max_features"": ""sqrt"", ""min_samples_leaf"": 4, ""min_samples_split"": 4, ""n_estimators"": 200}",,8.452725
5,SVR,PI,15,rms|pico_pico|varianza|energia|kurtosis_s|std|entropia|bpm_ac_parab|e_banda|bpm_est|centroide|wav_e3|bpm_ac|snr_cardiac|freq_dom,9,"{""C"": 2, ""epsilon"": 0.1, ""gamma"": 0.1}",,8.4315
6,RF,PI,12,std|pico_pico|energia|varianza|rms|kurtosis_s|entropia|ratio_e|e_banda|snr_cardiac|media|wav_e1,7,"{""bootstrap"": true, ""max_depth"": 12, ""max_features"": 0.5, ""min_samples_leaf"": 4, ""min_samples_split"": 8, ""n_estimators"": 200}",,8.419655
6,SVR,PI,12,std|pico_pico|energia|varianza|rms|kurtosis_s|entropia|ratio_e|e_banda|snr_cardiac|media|wav_e1,9,"{""C"": 25, ""epsilon"": 2.0, ""gamma"": ""auto""}",,8.374966
7,RF,PI,12,std|pico_pico|varianza|rms|entropia|kurtosis_s|energia|e_banda|bpm_ac_parab|snr_cardiac|wav_e1|centroide,9,"{""bootstrap"": true, ""max_depth"": null, ""max_features"": 1.0, ""min_samples_leaf"": 16, ""min_samples_split"": 16, ""n_estimators"": 600}",,8.398783
7,SVR,PI,12,std|pico_pico|varianza|rms|entropia|kurtosis_s|energia|e_banda|bpm_ac_parab|snr_cardiac|wav_e1|centroide,9,"{""C"": 10, ""epsilon"": 0.25, ""gamma"": 0.05}",,8.378749
8,RF,PI,20,rms|energia|std|varianza|pico_pico|entropia|kurtosis_s|e_banda|wav_e1|centroide|media|bpm_est|wav_e3|wav_e0|bpm_ac|skewness_s|bpm_ac_parab|snr_cardiac|pico_ac|freq_dom,9,"{""bootstrap"": true, ""max_depth"": null, ""max_features"": 0.5, ""min_samples_leaf"": 16, ""min_samples_split"": 16, ""n_estimators"": 400}",,8.228033
8,SVR,PI,15,rms|energia|std|varianza|pico_pico|entropia|kurtosis_s|e_banda|wav_e1|centroide|media|bpm_est|wav_e3|wav_e0|bpm_ac,7,"{""C"": 100, ""epsilon"": 0.25, ""gamma"": 0.001}",,8.228975
9,RF,PI,12,pico_pico|rms|energia|varianza|std|entropia|wav_e1|e_banda|kurtosis_s|wav_e0|snr_cardiac|centroide,9,"{""bootstrap"": true, ""max_depth"": null, ""max_features"": 0.5, ""min_samples_leaf"": 8, ""min_samples_split"": 16, ""n_estimators"": 400}",,8.416891
9,SVR,PI,15,pico_pico|rms|energia|varianza|std|entropia|wav_e1|e_banda|kurtosis_s|wav_e0|snr_cardiac|centroide|wav_e3|ratio_e|ancho_banda,5,"{""C"": 5, ""epsilon"": 1.0, ""gamma"": 0.005}",,8.448551
10,RF,PI,10,varianza|std|rms|energia|pico_pico|pico_ac|entropia|kurtosis_s|e_banda|wav_e3,9,"{""bootstrap"": true, ""max_depth"": null, ""max_features"": 0.5, ""min_samples_leaf"": 2, ""min_samples_split"": 2, ""n_estimators"": 200}",,8.305859
10,SVR,PI,12,varianza|std|rms|energia|pico_pico|pico_ac|entropia|kurtosis_s|e_banda|wav_e3|snr_cardiac|bpm_ac_parab,7,"{""C"": 2, ""epsilon"": 2.0, ""gamma"": 0.1}",,8.309983
11,RF,PI,15,std|rms|pico_pico|varianza|energia|entropia|e_banda|kurtosis_s|centroide|wav_e1|bpm_ac_parab|bpm_ac|snr_cardiac|wav_e3|wav_e0,9,"{""bootstrap"": true, ""max_depth"": null, ""max_features"": 1.0, ""min_samples_leaf"": 2, ""min_samples_split"": 4, ""n_estimators"": 200}",,8.325261
11,SVR,PI,10,std|rms|pico_pico|varianza|energia|entropia|e_banda|kurtosis_s|centroide|wav_e1,5,"{""C"": 2, ""epsilon"": 0.5, ""gamma"": 0.1}",,8.310124
12,RF,PI,15,pico_pico|varianza|std|energia|kurtosis_s|rms|entropia|pico_ac|wav_e1|wav_e3|e_banda|bpm_ac_parab|wav_e0|media|ratio_e,9,"{""bootstrap"": true, ""max_depth"": null, ""max_features"": 0.75, ""min_samples_leaf"": 4, ""min_samples_split"": 16, ""n_estimators"": 400}",,8.485248
12,SVR,PI,12,pico_pico|varianza|std|energia|kurtosis_s|rms|entropia|pico_ac|wav_e1|wav_e3|e_banda|bpm_ac_parab,5,"{""C"": 2, ""epsilon"": 2.0, ""gamma"": 0.1}",,8.485986
13,RF,PI,12,rms|pico_pico|varianza|energia|std|e_banda|entropia|centroide|wav_e3|media|ratio_e|bpm_ac_parab,9,"{""bootstrap"": true, ""max_depth"": null, ""max_features"": ""sqrt"", ""min_samples_leaf"": 4, ""min_samples_split"": 4, ""n_estimators"": 600}",,8.321751
13,SVR,PI,15,rms|pico_pico|varianza|energia|std|e_banda|entropia|centroide|wav_e3|media|ratio_e|bpm_ac_parab|wav_e0|pico_ac|kurtosis_s,7,"{""C"": 25, ""epsilon"": 1.0, ""gamma"": 0.001}",,8.334096
14,RF,PI,20,energia|varianza|rms|std|kurtosis_s|pico_pico|entropia|wav_e1|wav_e3|e_banda|centroide|ratio_e|bpm_ac_parab|snr_cardiac|wav_e2|ancho_banda|bpm_ac|wav_e0|pico_ac|media,9,"{""bootstrap"": true, ""max_depth"": null, ""max_features"": 0.5, ""min_samples_leaf"": 8, ""min_samples_split"": 2, ""n_estimators"": 600}",,8.443896
14,SVR,PI,10,energia|varianza|rms|std|kurtosis_s|pico_pico|entropia|wav_e1|wav_e3|e_banda,7,"{""C"": 50, ""epsilon"": 0.75, ""gamma"": 0.1}",,8.454656
15,RF,PI,10,std|pico_pico|varianza|rms|energia|kurtosis_s|entropia|pico_ac|e_banda|centroide,9,"{""bootstrap"": true, ""max_depth"": null, ""max_features"": 0.75, ""min_samples_leaf"": 4, ""min_samples_split"": 16, ""n_estimators"": 600}",,8.348254
15,SVR,PI,10,std|pico_pico|varianza|rms|energia|kurtosis_s|entropia|pico_ac|e_banda|centroide,9,"{""C"": 2, ""epsilon"": 0.1, ""gamma"": ""auto""}",,8.367124
16,RF,PI,15,varianza|pico_pico|energia|rms|entropia|std|e_banda|kurtosis_s|skewness_s|wav_e3|wav_e2|wav_e1|centroide|pico_ac|wav_e0,9,"{""bootstrap"": true, ""max_depth"": null, ""max_features"": 0.75, ""min_samples_leaf"": 2, ""min_samples_split"": 4, ""n_estimators"": 600}",,8.337576
16,SVR,PI,10,varianza|pico_pico|energia|rms|entropia|std|e_banda|kurtosis_s|skewness_s|wav_e3,7,"{""C"": 25, ""epsilon"": 2.0, ""gamma"": ""auto""}",,8.342052
17,RF,PI,15,energia|rms|varianza|std|pico_pico|kurtosis_s|entropia|e_banda|wav_e3|wav_e0|centroide|media|wav_e2|wav_e1|pico_ac,9,"{""bootstrap"": true, ""max_depth"": 12, ""max_features"": 0.5, ""min_samples_leaf"": 8, ""min_samples_split"": 8, ""n_estimators"": 200}",,8.294614
17,SVR,PI,12,energia|rms|varianza|std|pico_pico|kurtosis_s|entropia|e_banda|wav_e3|wav_e0|centroide|media,7,"{""C"": 5, ""epsilon"": 2.0, ""gamma"": ""scale""}",,8.29267
18,RF,PI,15,energia|rms|varianza|std|pico_pico|kurtosis_s|entropia|pico_ac|wav_e3|centroide|skewness_s|wav_e1|wav_e2|e_banda|bpm_ac_parab,7,"{""bootstrap"": true, ""max_depth"": 8, ""max_features"": 0.75, ""min_samples_leaf"": 4, ""min_samples_split"": 8, ""n_estimators"": 200}",,8.238498
18,SVR,PI,10,energia|rms|varianza|std|pico_pico|kurtosis_s|entropia|pico_ac|wav_e3|centroide,7,"{""C"": 2, ""epsilon"": 0.1, ""gamma"": ""scale""}",,8.251492
19,RF,PI,12,varianza|std|rms|energia|kurtosis_s|pico_pico|centroide|entropia|e_banda|pico_ac|wav_e3|snr_cardiac,7,"{""bootstrap"": true, ""max_depth"": null, ""max_features"": 1.0, ""min_samples_leaf"": 4, ""min_samples_split"": 8, ""n_estimators"": 600}",,8.429534
19,SVR,PI,12,varianza|std|rms|energia|kurtosis_s|pico_pico|centroide|entropia|e_banda|pico_ac|wav_e3|snr_cardiac,7,"{""C"": 5, ""epsilon"": 2.0, ""gamma"": 0.05}",,8.447061
20,RF,PI,10,pico_pico|std|rms|entropia|varianza|energia|kurtosis_s|e_banda|centroide|wav_e1,9,"{""bootstrap"": true, ""max_depth"": null, ""max_features"": 0.5, ""min_samples_leaf"": 4, ""min_samples_split"": 2, ""n_estimators"": 800}",,8.486348
20,SVR,PI,10,pico_pico|std|rms|entropia|varianza|energia|kurtosis_s|e_banda|centroide|wav_e1,7,"{""C"": 50, ""epsilon"": 0.25, ""gamma"": 0.1}",,8.49888
21,RF,PI,12,std|varianza|energia|pico_pico|rms|entropia|kurtosis_s|e_banda|pico_ac|wav_e1|ancho_banda|centroide,7,"{""bootstrap"": true, ""max_depth"": null, ""max_features"": ""sqrt"", ""min_samples_leaf"": 8, ""min_samples_split"": 8, ""n_estimators"": 400}",,8.411337
21,SVR,PI,10,std|varianza|energia|pico_pico|rms|entropia|kurtosis_s|e_banda|pico_ac|wav_e1,7,"{""C"": 25, ""epsilon"": 0.75, ""gamma"": ""scale""}",,8.376764
22,RF,PI,15,varianza|rms|std|kurtosis_s|pico_pico|energia|entropia|centroide|e_banda|pico_ac|wav_e1|snr_cardiac|ancho_banda|ratio_e|bpm_ac_parab,7,"{""bootstrap"": true, ""max_depth"": null, ""max_features"": 0.5, ""min_samples_leaf"": 4, ""min_samples_split"": 4, ""n_estimators"": 400}",,8.375007
22,SVR,PI,15,varianza|rms|std|kurtosis_s|pico_pico|energia|entropia|centroide|e_banda|pico_ac|wav_e1|snr_cardiac|ancho_banda|ratio_e|bpm_ac_parab,7,"{""C"": 2, ""epsilon"": 0.1, ""gamma"": ""scale""}",,8.394219
23,RF,PI,12,pico_pico|std|kurtosis_s|varianza|energia|rms|e_banda|pico_ac|wav_e3|bpm_ac_parab|wav_e1|media,7,"{""bootstrap"": true, ""max_depth"": null, ""max_features"": 0.75, ""min_samples_leaf"": 8, ""min_samples_split"": 16, ""n_estimators"": 200}",,8.364957
23,SVR,PI,20,pico_pico|std|kurtosis_s|varianza|energia|rms|e_banda|pico_ac|wav_e3|bpm_ac_parab|wav_e1|media|entropia|snr_cardiac|skewness_s|ratio_e|bpm_ac|centroide|wav_e0|bpm_est,5,"{""C"": 25, ""epsilon"": 2.0, ""gamma"": 0.001}",,8.373567
24,RF,PI,15,std|rms|energia|varianza|pico_pico|e_banda|pico_ac|wav_e3|bpm_ac_parab|wav_e1|media|snr_cardiac|bpm_ac|ratio_e|wav_e2,7,"{""bootstrap"": true, ""max_depth"": null, ""max_features"": 0.75, ""min_samples_leaf"": 4, ""min_samples_split"": 4, ""n_estimators"": 800}",,8.5562
24,SVR,PI,15,std|rms|energia|varianza|pico_pico|e_banda|pico_ac|wav_e3|bpm_ac_parab|wav_e1|media|snr_cardiac|bpm_ac|ratio_e|wav_e2,7,"{""C"": 10, ""epsilon"": 2.0, ""gamma"": 0.01}",,8.554892
25,RF,PI,12,std|energia|varianza|rms|entropia|pico_pico|kurtosis_s|e_banda|wav_e1|media|centroide|pico_ac,9,"{""bootstrap"": true, ""max_depth"": 12, ""max_features"": 0.75, ""min_samples_leaf"": 2, ""min_samples_split"": 16, ""n_estimators"": 400}",,8.256748
25,SVR,PI,10,std|energia|varianza|rms|entropia|pico_pico|kurtosis_s|e_banda|wav_e1|media,7,"{""C"": 25, ""epsilon"": 2.0, ""gamma"": ""scale""}",,8.247354
26,RF,PI,15,pico_pico|rms|energia|std|varianza|entropia|kurtosis_s|e_banda|ratio_e|media|wav_e3|wav_e2|bpm_ac_parab|wav_e1|bpm_harm,9,"{""bootstrap"": true, ""max_depth"": null, ""max_features"": 0.75, ""min_samples_leaf"": 32, ""min_samples_split"": 2, ""n_estimators"": 400}",,8.443909
26,SVR,PI,15,pico_pico|rms|energia|std|varianza|entropia|kurtosis_s|e_banda|ratio_e|media|wav_e3|wav_e2|bpm_ac_parab|wav_e1|bpm_harm,7,"{""C"": 5, ""epsilon"": 1.0, ""gamma"": ""auto""}",,8.436176
27,RF,PI,10,std|varianza|entropia|energia|rms|pico_pico|kurtosis_s|e_banda|wav_e1|centroide,9,"{""bootstrap"": true, ""max_depth"": null, ""max_features"": ""sqrt"", ""min_samples_leaf"": 8, ""min_samples_split"": 8, ""n_estimators"": 200}",,8.39178
27,SVR,PI,15,std|varianza|entropia|energia|rms|pico_pico|kurtosis_s|e_banda|wav_e1|centroide|wav_e3|wav_e2|media|bpm_ac_parab|snr_cardiac,7,"{""C"": 2, ""epsilon"": 0.75, ""gamma"": ""scale""}",,8.366613
28,RF,PI,15,std|rms|pico_pico|varianza|energia|kurtosis_s|entropia|e_banda|pico_ac|centroide|wav_e1|snr_cardiac|wav_e3|skewness_s|bpm_ac_parab,7,"{""bootstrap"": true, ""max_depth"": 12, ""max_features"": 0.75, ""min_samples_leaf"": 4, ""min_samples_split"": 4, ""n_estimators"": 600}",,8.318965
28,SVR,PI,10,std|rms|pico_pico|varianza|energia|kurtosis_s|entropia|e_banda|pico_ac|centroide,9,"{""C"": 50, ""epsilon"": 0.5, ""gamma"": 0.05}",,8.331631
29,RF,PI,12,energia|varianza|rms|std|pico_pico|e_banda|kurtosis_s|entropia|wav_e1|wav_e3|pico_ac|ratio_e,9,"{""bootstrap"": true, ""max_depth"": 12, ""max_features"": 0.5, ""min_samples_leaf"": 16, ""min_samples_split"": 4, ""n_estimators"": 200}",,8.644007
29,SVR,PI,15,energia|varianza|rms|std|pico_pico|e_banda|kurtosis_s|entropia|wav_e1|wav_e3|pico_ac|ratio_e|centroide|snr_cardiac|wav_e0,7,"{""C"": 10, ""epsilon"": 2.0, ""gamma"": 0.01}",,8.649001
30,RF,PI,15,std|varianza|energia|rms|pico_pico|entropia|centroide|e_banda|wav_e3|kurtosis_s|pico_ac|skewness_s|wav_e1|ratio_e|wav_e2,9,"{""bootstrap"": true, ""max_depth"": null, ""max_features"": 1.0, ""min_samples_leaf"": 8, ""min_samples_split"": 2, ""n_estimators"": 600}",,8.337874
30,SVR,PI,15,std|varianza|energia|rms|pico_pico|entropia|centroide|e_banda|wav_e3|kurtosis_s|pico_ac|skewness_s|wav_e1|ratio_e|wav_e2,7,"{""C"": 100, ""epsilon"": 2.0, ""gamma"": 0.005}",,8.373468
31,RF,PI,20,pico_pico|entropia|rms|energia|std|kurtosis_s|varianza|bpm_ac_parab|centroide|wav_e1|media|e_banda|wav_e3|wav_e0|pico_ac|wav_e2|ancho_banda|bpm_harm|bpm_ac|snr_cardiac,9,"{""bootstrap"": true, ""max_depth"": null, ""max_features"": 0.75, ""min_samples_leaf"": 16, ""min_samples_split"": 16, ""n_estimators"": 400}",,8.380308
31,SVR,PI,20,pico_pico|entropia|rms|energia|std|kurtosis_s|varianza|bpm_ac_parab|centroide|wav_e1|media|e_banda|wav_e3|wav_e0|pico_ac|wav_e2|ancho_banda|bpm_harm|bpm_ac|snr_cardiac,5,"{""C"": 2, ""epsilon"": 2.0, ""gamma"": ""auto""}",,8.376122
32,RF,PI,10,pico_pico|varianza|rms|std|energia|entropia|media|bpm_ac_parab|wav_e1|e_banda,7,"{""bootstrap"": true, ""max_depth"": 12, ""max_features"": 0.75, ""min_samples_leaf"": 16, ""min_samples_split"": 8, ""n_estimators"": 600}",,8.278479
32,SVR,PI,10,pico_pico|varianza|rms|std|energia|entropia|media|bpm_ac_parab|wav_e1|e_banda,9,"{""C"": 25, ""epsilon"": 2.0, ""gamma"": ""auto""}",,8.293009
