seed,metodo,MAE,RMSE,pearson_r,n_ventanas
0,RF,8.124778402,10.33190283,0.7591337826,1245
0,SVR,8.06519653,10.34792374,0.7584353844,1245
0,B1,8.844875544,11.07631748,0.7149047613,1245
0,B0,12.45258377,15.83823084,,1245
1,RF,8.406880446,10.56499974,0.71787515,1241
1,SVR,8.353459204,10.60960499,0.715503905,1241
1,B1,9.004714376,11.16417913,0.679659111,1241
1,B0,12.43814067,15.13020098,,1241
2,RF,8.56686253,10.75089668,0.7108456388,1245
2,SVR,8.510566166,10.77195888,0.7094833535,1245
2,B1,8.88420457,11.11380157,0.6871824907,1245
2,B0,12.23861441,15.24299563,,1245
3,RF,7.940393243,10.12725667,0.7425479751,1245
3,SVR,7.86227279,10.08330824,0.7475854134,1245
3,B1,8.250672748,10.57068585,0.7149386174,1245
3,B0,12.0135683,15.09528572,,1245
4,RF,8.063662779,10.2128633,0.7599803392,1245
4,SVR,8.052414525,10.31387141,0.7548789365,1245
4,B1,8.660295933,10.86470232,0.7222646067,1245
4,B0,12.45801821,15.705595,,1245
5,RF,8.627763402,10.66427501,0.7258356076,1241
5,SVR,8.510402928,10.59927047,0.7285710026,1241
5,B1,8.948776492,11.06092369,0.7010823066,1241
5,B0,12.4704761,15.4804553,,1241
6,RF,8.220633037,10.20245216,0.754697736,1245
6,SVR,8.191126177,10.12605324,0.7570882079,1245
6,B1,8.767597923,10.8876547,0.713302168,1245
6,B0,12.33571138,15.50613133,,1245
7,RF,8.327137147,10.41616473,0.7048349013,1245
7,SVR,8.323471672,10.47615393,0.7010045773,1245
7,B1,8.951418002,11.08605579,0.6636511764,1245
7,B0,11.65154344,14.5856785,,1245
8,RF,8.923519209,11.16409323,0.6939940176,1245
8,SVR,9.002178673,11.31076703,0.6874229911,1245
8,B1,9.510414938,11.81808743,0.6507332867,1245
8,B0,12.37865064,15.44566562,,1245
9,RF,8.467784459,10.49839427,0.7003764988,1241
9,SVR,8.490086145,10.58796102,0.7006770611,1241
9,B1,8.826345178,10.77116974,0.6815019338,1241
9,B0,11.82031966,14.4369197,,1241
10,RF,8.705158364,11.19378345,0.6356704779,1241
10,SVR,8.683328739,11.27191397,0.6330502231,1241
10,B1,9.135571056,11.66167808,0.6067241407,1241
10,B0,11.57945711,14.07675689,,1241
11,RF,8.521424423,10.664516,0.6999306805,1245
11,SVR,8.536311568,10.77452094,0.6982410865,1245
11,B1,9.185428479,11.44158803,0.6495094186,1245
11,B0,11.95956658,14.80410164,,1245
12,RF,8.109421994,10.31605801,0.733314128,1245
12,SVR,8.180624877,10.44075061,0.729734089,1245
12,B1,8.716686392,10.85601774,0.7002674737,1245
12,B0,12.12278959,15.08921537,,1245
13,RF,8.317469534,10.63390388,0.7008407305,1241
13,SVR,8.25963446,10.62984905,0.7041546419,1241
13,B1,8.645541567,10.87816384,0.6835011147,1241
13,B0,11.89583985,14.75492357,,1241
14,RF,8.215640633,10.48949775,0.7195911056,1245
14,SVR,8.126378902,10.46834149,0.721404672,1245
14,B1,8.780392053,11.06088675,0.6824161006,1245
14,B0,12.03540433,15.0405929,,1245
15,RF,8.376629333,10.60665311,0.7456626388,1245
15,SVR,8.285952253,10.54714722,0.7488375875,1245
15,B1,8.587380299,10.90001264,0.7281443235,1245
15,B0,12.68006369,15.89214746,,1245
16,RF,8.606399978,10.91734824,0.6803094702,1245
16,SVR,8.670543678,11.04214985,0.6715444106,1245
16,B1,9.073531832,11.38693856,0.6461735415,1245
16,B0,11.76929488,14.63309993,,1245
17,RF,8.552487358,10.82753085,0.7050724311,1241
17,SVR,8.56370866,10.93469957,0.6987597274,1241
17,B1,9.056139733,11.4160222,0.6659373612,1241
17,B0,12.20995757,15.19043361,,1241
18,RF,8.840821213,11.38337113,0.6453573474,1241
18,SVR,8.819677337,11.40932756,0.6449098249,1241
18,B1,9.258349739,11.80856463,0.6154182947,1241
18,B0,11.68978793,14.56256257,,1241
19,RF,8.184556096,10.02354,0.7515662816,1241
19,SVR,8.119400124,10.03989569,0.7473718745,1241
19,B1,8.6441231,10.48170041,0.7233275625,1241
19,B0,12.01917633,15.09981096,,1241
20,RF,8.242815121,10.22687987,0.7671693651,1241
20,SVR,8.230490397,10.2918724,0.765587786,1241
20,B1,8.63913136,10.487753,0.7542387126,1241
20,B0,12.9331079,15.91563833,,1241
21,RF,8.261314619,10.52888386,0.6975351646,1245
21,SVR,8.343218132,10.71668087,0.6901991157,1245
21,B1,8.402044186,10.66979923,0.6849854351,1245
21,B0,11.71439449,14.45417156,,1245
22,RF,8.317460681,10.78294526,0.7255057319,1245
22,SVR,8.30339165,10.73438305,0.729705875,1245
22,B1,8.959997619,11.40155231,0.6869048353,1245
22,B0,12.50984586,15.66440797,,1245
23,RF,8.86952423,11.15974843,0.7022618151,1241
23,SVR,8.808913257,11.13916649,0.7047949059,1241
23,B1,9.35335086,11.54283269,0.676808479,1241
23,B0,12.44596553,15.63711382,,1241
24,RF,8.492910417,10.52086128,0.7278604253,1241
24,SVR,8.432601212,10.56321307,0.724788622,1241
24,B1,8.849658005,10.89115887,0.7048466503,1241
24,B0,12.47738546,15.31330297,,1241
25,RF,8.682538808,10.71819719,0.7269567993,1245
25,SVR,8.715716927,10.7762019,0.7266548457,1245
25,B1,9.101392583,11.24145057,0.6936685601,1245
25,B0,12.54770005,15.55483722,,1245
26,RF,8.376059,10.43304824,0.7291608725,1245
26,SVR,8.236481916,10.38395314,0.7338637139,1245
26,B1,8.817448879,10.99262985,0.6934876351,1245
26,B0,12.26953101,15.21357489,,1245
27,RF,8.350944359,10.43083162,0.7181547179,1241
27,SVR,8.420146292,10.58403179,0.7119697429,1241
27,B1,8.970695675,11.21342656,0.6682569635,1241
27,B0,12.28263416,14.91899935,,1241
28,RF,8.477545322,10.74719324,0.7147500878,1245
28,SVR,8.570754826,10.8977959,0.7069367308,1245
28,B1,9.0715624,11.31797729,0.6787470121,1245
28,B0,12.24737716,15.33947416,,1245
29,RF,7.508947295,9.280436765,0.7863659692,1245
29,SVR,7.47312537,9.28114989,0.7859557096,1245
29,B1,8.179531423,10.04860384,0.7431708711,1245
29,B0,12.1142068,15.0101444,,1245
30,RF,8.520793181,10.69954979,0.7186832242,1245
30,SVR,8.429336854,10.73186302,0.7190525833,1245
30,B1,8.989585157,11.24722236,0.6833592317,1245
30,B0,12.4478565,15.34407321,,1245
31,RF,8.609755315,10.91394117,0.6985460658,1245
31,SVR,8.579731053,10.92982748,0.6967234926,1245
31,B1,9.118458307,11.40581906,0.6673393999,1245
31,B0,12.19561463,15.16803376,,1245
32,RF,8.575438034,10.65018557,0.7114782559,1245
32,SVR,8.523763594,10.67052254,0.709621768,1245
32,B1,9.087958069,11.19534769,0.6760768092,1245
32,B0,12.07680437,15.08940918,,1245
