participante,seg_id,bpm_watch,pred_final
2,1300,57.936292012090085,62.77776295345918
2,1300,54.710418891363325,62.77776295345918
2,1300,53.52642153511016,62.77776295345918
2,1300,53.371917473956486,62.77776295345918
2,1300,53.35652225461357,62.77776295345918
2,200,54.099686988466274,62.7297780374362
2,200,52.12919736569062,62.7297780374362
2,200,50.93089142083089,62.7297780374362
2,200,50.75924026986737,62.7297780374362
2,200,50.96805867529535,62.7297780374362
5,100,91.37518589238584,75.7495370448991
5,100,91.2909341912249,75.7495370448991
5,100,89.23036357881703,75.7495370448991
5,100,85.22157713757964,75.7495370448991
5,100,80.42834890275806,75.7495370448991
5,200,75.26463412510884,75.17971417318691
5,200,73.72653855761408,75.17971417318691
5,200,73.88260281901339,75.17971417318691
5,200,74.82827949420714,75.17971417318691
5,200,75.39565576650362,75.17971417318691
6,1400,58.73235185749693,64.81395888641882
6,1400,58.62714196554097,64.81395888641882
6,1400,60.45101476498816,64.81395888641882
6,1400,62.357384672110975,64.81395888641882
6,1400,62.81214996945733,64.81395888641882
6,300,63.39425992538995,66.06472903654502
6,300,64.22523826737424,66.06472903654502
6,300,65.09823301395812,66.06472903654502
6,300,65.93390214536097,66.06472903654502
6,300,66.26850842288233,66.06472903654502
7,1200,73.32689094220824,75.06020943709629
7,1200,70.96984174313485,75.06020943709629
7,1200,70.50746199300279,75.06020943709629
7,1200,71.18424499664472,75.06020943709629
7,1200,72.40615534864979,75.06020943709629
7,200,82.49674762430648,76.00642193885623
7,200,80.71535938797575,76.00642193885623
7,200,78.81582101144832,76.00642193885623
7,200,77.3559574986949,76.00642193885623
7,200,76.32281789614525,76.00642193885623
8,200,81.34862810089474,88.69416605385204
8,200,80.70389406464317,88.69416605385204
8,200,79.51280644755343,88.69416605385204
8,200,79.85707889821106,88.69416605385204
8,200,79.8599178377168,88.69416605385204
8,600,92.3376839293546,89.4020136334926
8,600,98.6750942368012,89.4020136334926
8,600,104.55302597898424,89.4020136334926
8,600,109.1041761939144,89.4020136334926
8,600,110.33622071151268,89.4020136334926
9,1300,67.06223546560709,74.27263167848896
9,1300,67.07542951643725,74.27263167848896
9,1300,67.78068046394365,74.27263167848896
9,1300,68.51722243410168,74.27263167848896
9,1300,68.79163414358575,74.27263167848896
9,300,76.6328784712722,74.11999105681558
9,300,76.82045414019314,74.11999105681558
9,300,78.38153466935651,74.11999105681558
9,300,79.87713132590815,74.11999105681558
9,300,80.50325216694324,74.11999105681558
10,100,84.90927501901405,84.761347966003
10,100,85.99194501230727,84.761347966003
10,100,86.37630328935978,84.761347966003
10,100,86.95005817299797,84.761347966003
10,100,86.98616187799544,84.761347966003
10,600,86.5602966441166,84.52915230296524
10,600,86.3651989266986,84.52915230296524
10,600,86.13844274700462,84.52915230296524
10,600,86.52066602139247,84.52915230296524
10,600,88.07204120479854,84.52915230296524
11,1300,80.5683215623294,91.133541662113
11,1300,80.87705698271336,91.133541662113
11,1300,81.52253797508422,91.133541662113
11,1300,82.15173327499653,91.133541662113
11,1300,82.52811889978713,91.133541662113
11,500,91.31322815783614,91.94387839746057
11,500,92.07764965651867,91.94387839746057
11,500,92.34865100621144,91.94387839746057
11,500,91.82122960916328,91.94387839746057
11,500,91.21272927505557,91.94387839746057
12,100,93.34330678677662,85.06942079966194
12,100,91.53053933108524,85.06942079966194
12,100,90.67627123269168,85.06942079966194
12,100,91.13171472941642,85.06942079966194
12,100,92.2518087423209,85.06942079966194
12,300,94.14227126078173,84.84108268239822
12,300,95.02108424741984,84.84108268239822
12,300,97.03372358048576,84.84108268239822
12,300,98.59418684986584,84.84108268239822
12,300,99.19195380584638,84.84108268239822
13,300,85.64271065391502,85.1786189055052
13,300,84.99343409847904,85.1786189055052
13,300,85.81459108080185,85.1786189055052
13,300,88.27461433720279,85.1786189055052
13,300,91.53510516580415,85.1786189055052
13,500,92.19815079912271,83.98190762309886
13,500,90.31127197938042,83.98190762309886
13,500,88.80550911447185,83.98190762309886
13,500,88.16501566135523,83.98190762309886
13,500,88.24948021815969,83.98190762309886
14,300,92.610494292123,80.3431419044777
14,300,93.24622323729773,80.3431419044777
14,300,94.1261899102818,80.3431419044777
14,300,94.38295326542544,80.3431419044777
14,300,94.00553959067744,80.3431419044777
14,600,91.75339622015044,79.7508021866153
14,600,93.15900225670308,79.7508021866153
14,600,94.40568364543832,79.7508021866153
14,600,95.28530873116992,79.7508021866153
14,600,95.56707814782214,79.7508021866153
15,200,72.98411012472896,69.72177390459942
15,200,72.54143447442489,69.72177390459942
15,200,72.91633804061196,69.72177390459942
15,200,73.43394539118844,69.72177390459942
15,200,74.1195323766568,69.72177390459942
15,600,91.49094529280974,70.78278355102304
15,600,92.3970889522916,70.78278355102304
15,600,91.17560498446096,70.78278355102304
15,600,90.7924567030622,70.78278355102304
15,600,89.82894255454406,70.78278355102304
16,200,73.31848076385853,70.56458629517536
16,200,73.08756081799925,70.56458629517536
16,200,72.38200097073725,70.56458629517536
16,200,71.54358053228042,70.56458629517536
16,200,71.00615141670426,70.56458629517536
16,400,80.83013459170535,70.55906444863044
16,400,76.9785708104377,70.55906444863044
16,400,74.29507479027754,70.55906444863044
16,400,73.00865762553688,70.55906444863044
16,400,73.14509819338332,70.55906444863044
17,300,83.43059715037738,73.99823331849475
17,300,85.70715640035027,73.99823331849475
17,300,87.78019577641507,73.99823331849475
17,300,87.65135665961674,73.99823331849475
17,300,86.07738862512431,73.99823331849475
17,500,76.11683283017311,73.39778333228554
17,500,74.88995022784063,73.39778333228554
17,500,74.36016337995406,73.39778333228554
17,500,75.14800031164509,73.39778333228554
17,500,76.29594838205085,73.39778333228554
18,100,91.63716640967829,87.72366095035898
18,100,88.41888323532038,87.72366095035898
18,100,86.71519728222967,87.72366095035898
18,100,87.61230105992519,87.72366095035898
18,100,89.44948593635065,87.72366095035898
18,1200,78.75218672987187,87.64659475716826
18,1200,76.84383702990296,87.64659475716826
18,1200,76.08632150451443,87.64659475716826
18,1200,76.64955977565205,87.64659475716826
18,1200,77.96764442707502,87.64659475716826
19,1100,107.64911232395065,99.24274805993241
19,1100,110.54300753316838,99.24274805993241
19,1100,114.61932907104492,99.24274805993241
19,1100,117.63623258210878,99.24274805993241
19,1100,119.9422281614178,99.24274805993241
19,200,85.42777484714212,98.95494659458231
19,200,82.47697419253262,98.95494659458231
19,200,80.94482930439375,98.95494659458231
19,200,80.97045478676304,98.95494659458231
19,200,81.90476361962106,98.95494659458231
20,1200,80.63358633730937,78.56217283407503
20,1200,79.0056387452336,78.56217283407503
20,1200,76.89895967384437,78.56217283407503
20,1200,74.72675518824425,78.56217283407503
20,1200,73.1319128492694,78.56217283407503
20,500,81.17205213011849,78.63454458256737
20,500,80.90135002404581,78.63454458256737
20,500,80.44226611475925,78.63454458256737
20,500,79.80379677551649,78.63454458256737
20,500,79.35205364196332,78.63454458256737
21,1300,56.225516192662376,69.65833518859397
21,1300,55.63338478799415,69.65833518859397
21,1300,55.40237000619088,69.65833518859397
21,1300,55.54118684347256,69.65833518859397
21,1300,56.06101479585186,69.65833518859397
21,200,72.92981185790951,69.4195723930043
21,200,72.98686045008613,69.4195723930043
21,200,72.4788498454864,69.4195723930043
21,200,71.77202537043819,69.4195723930043
21,200,71.69277729789427,69.4195723930043
22,100,74.2521789539428,66.05440956370049
22,100,72.56251627552561,66.05440956370049
22,100,71.12127567018781,66.05440956370049
22,100,70.38543325554241,66.05440956370049
22,100,70.20776396582137,66.05440956370049
22,1300,58.28032353079165,65.82668686394081
22,1300,56.27154778814935,65.82668686394081
22,1300,54.893623836112745,65.82668686394081
22,1300,54.697278381013255,65.82668686394081
22,1300,55.02953445242253,65.82668686394081
23,100,98.43305552810818,85.66891494932881
23,100,97.06040265147304,85.66891494932881
23,100,97.54488471462612,85.66891494932881
23,100,98.81319932256426,85.66891494932881
23,100,100.79410936512473,85.66891494932881
23,300,102.9567523868569,86.19479267390778
23,300,102.4888631383062,86.19479267390778
23,300,101.25535267854666,86.19479267390778
23,300,100.1992235959866,86.19479267390778
23,300,100.44072970758788,86.19479267390778
24,200,96.2144396033638,88.3623703054649
24,200,96.21093307480668,88.3623703054649
24,200,95.69827145683816,88.3623703054649
24,200,95.26904563852204,88.3623703054649
24,200,94.89522462097597,88.3623703054649
24,300,98.17879050106198,88.58076437372532
24,300,98.04084993639034,88.58076437372532
24,300,97.4804645715854,88.58076437372532
24,300,96.68294374189335,88.58076437372532
24,300,95.53685878273537,88.58076437372532
25,1200,67.21949392108174,73.69693847001177
25,1200,64.50829492151996,73.69693847001177
25,1200,62.44133659719905,73.69693847001177
25,1200,62.58794236348306,73.69693847001177
25,1200,62.66174488653352,73.69693847001177
25,1400,68.7316873562316,76.38793363662596
25,1400,69.39624348948594,76.38793363662596
25,1400,72.01918000155148,76.38793363662596
25,1400,74.10187090240197,76.38793363662596
25,1400,73.9843980362805,76.38793363662596
26,1200,69.87855981719443,75.93037420783877
26,1200,69.39726170523343,75.93037420783877
26,1200,68.7038655596894,75.93037420783877
26,1200,68.21506199248427,75.93037420783877
26,1200,67.9814658981639,75.93037420783877
26,600,91.84824334594592,77.33274680638007
26,600,91.28004303067549,77.33274680638007
26,600,91.77067154234678,77.33274680638007
26,600,93.18272295944158,77.33274680638007
26,600,94.65408369995868,77.33274680638007
27,1100,81.79256414152671,94.1905795315479
27,1100,78.98452585187309,94.1905795315479
27,1100,76.31875176956129,94.1905795315479
27,1100,74.79698323088809,94.1905795315479
27,1100,74.27201001969671,94.1905795315479
27,500,104.937118388392,94.87912447436574
27,500,103.68380938257488,94.87912447436574
27,500,102.61134601750774,94.87912447436574
27,500,101.35668439880163,94.87912447436574
27,500,100.21817906873652,94.87912447436574
28,1100,76.60029362285587,86.5941564728821
28,1100,74.81873192663316,86.5941564728821
28,1100,73.6072810337141,86.5941564728821
28,1100,73.91112826871667,86.5941564728821
28,1100,74.5468998643743,86.5941564728821
28,1400,85.58950725263165,87.37134092884783
28,1400,86.68080390242787,87.37134092884783
28,1400,87.59430956656283,87.37134092884783
28,1400,88.5043880534146,87.37134092884783
28,1400,89.48398985189885,87.37134092884783
29,1100,66.02366682832891,80.87942526980184
29,1100,65.46977489975109,80.87942526980184
29,1100,64.88687689510775,80.87942526980184
29,1100,64.08963888180033,80.87942526980184
29,1100,63.36975783669199,80.87942526980184
29,400,87.04729048751648,80.3213041520726
29,400,87.96925364892721,80.3213041520726
29,400,88.45958933861225,80.3213041520726
29,400,87.1846123948555,80.3213041520726
29,400,85.27370822090712,80.3213041520726
30,1200,81.64721771503943,100.09195353316812
30,1200,81.09039199280015,100.09195353316812
30,1200,81.14477759821591,100.09195353316812
30,1200,81.9437724011285,100.09195353316812
30,1200,82.34365405104153,100.09195353316812
30,200,111.34768700937596,101.24215391450939
30,200,111.13960786516016,101.24215391450939
30,200,111.15051506889198,101.24215391450939
30,200,110.98670009109355,101.24215391450939
30,200,110.2049460598604,101.24215391450939
31,1100,72.55366711802297,89.63616429646963
31,1100,70.89853059419822,89.63616429646963
31,1100,70.3795416426349,89.63616429646963
31,1100,71.17861672572761,89.63616429646963
31,1100,72.7149477424346,89.63616429646963
31,1400,86.32764348643376,90.40621643673744
31,1400,82.70680474141145,90.40621643673744
31,1400,79.49479654630024,90.40621643673744
31,1400,78.56722138289248,90.40621643673744
31,1400,79.76507414654736,90.40621643673744
32,100,62.31813703749603,64.29881594232563
32,100,60.450349640846255,64.29881594232563
32,100,59.439183795623705,64.29881594232563
32,100,59.03930818647884,64.29881594232563
32,100,59.02286905399526,64.29881594232563
32,500,65.02006551187276,61.1567105272343
32,500,65.0,61.1567105272343
32,500,65.0,61.1567105272343
32,500,65.0,61.1567105272343
32,500,65.0054603260317,61.1567105272343
33,200,89.08219698228876,99.16097850144094
33,200,86.91949955354005,99.16097850144094
33,200,88.91147552083582,99.16097850144094
33,200,93.99541996980642,99.16097850144094
33,200,100.2857236571126,99.16097850144094
33,600,117.57798397845518,99.54563537214297
33,600,117.26732047558862,99.54563537214297
33,600,116.66175585298826,99.54563537214297
33,600,116.36847533157896,99.54563537214297
33,600,116.1229840777481,99.54563537214297
34,1100,74.7919143268921,83.5518851093248
34,1100,72.46135388215383,83.5518851093248
34,1100,71.35202090059009,83.5518851093248
34,1100,70.71494032149707,83.5518851093248
34,1100,69.99642347319302,83.5518851093248
34,500,87.18713494671715,83.2850112115743
34,500,85.15760840998067,83.2850112115743
34,500,84.36940095022128,83.2850112115743
34,500,84.98195380101473,83.2850112115743
34,500,85.9253425145046,83.2850112115743
35,1300,77.47296081817926,94.3237006408514
35,1300,77.28692307513514,94.3237006408514
35,1300,78.92546313118625,94.3237006408514
35,1300,80.33213172423375,94.3237006408514
35,1300,81.38290854171241,94.3237006408514
35,600,110.5475820844751,91.97773538158674
35,600,112.64172744579152,91.97773538158674
35,600,113.77807987510384,91.97773538158674
35,600,112.8725583550218,91.97773538158674
35,600,112.00307880421995,91.97773538158674
36,1200,90.9582649549339,90.85062017876794
36,1200,92.3895741153073,90.85062017876794
36,1200,93.6805757056067,90.85062017876794
36,1200,93.492880862203,90.85062017876794
36,1200,91.36938569380608,90.85062017876794
36,200,100.05705780595927,90.68731983310862
36,200,101.0129380250906,90.68731983310862
36,200,100.9699875588025,90.68731983310862
36,200,99.44882868616097,90.68731983310862
36,200,97.3285837667071,90.68731983310862
37,200,69.99235467266432,71.00848665443918
37,200,68.28715229777546,71.00848665443918
37,200,67.62354299733134,71.00848665443918
37,200,68.46211765328528,71.00848665443918
37,200,70.15453139858329,71.00848665443918
37,500,71.76033980474843,70.02284816814583
37,500,70.21820220833733,70.02284816814583
37,500,68.77021200285328,70.02284816814583
37,500,67.98279572957522,70.02284816814583
37,500,68.00192726060942,70.02284816814583
38,100,85.87846933938725,82.18857368763024
38,100,86.54494961402116,82.18857368763024
38,100,87.51666955483424,82.18857368763024
38,100,88.54158413286333,82.18857368763024
38,100,88.90945397803793,82.18857368763024
38,500,85.37618461594435,80.87358751363814
38,500,84.70930156607994,80.87358751363814
38,500,84.00672031966123,80.87358751363814
38,500,83.15491615858946,80.87358751363814
38,500,82.82784252280281,80.87358751363814
39,100,97.79078734112515,91.27739283654549
39,100,97.99107631949592,91.27739283654549
39,100,96.74926181871652,91.27739283654549
39,100,95.27270574136216,91.27739283654549
39,100,94.35956839679125,91.27739283654549
39,1400,82.13341971825507,92.96792049884111
39,1400,83.46188956493937,92.96792049884111
39,1400,85.9744861412658,92.96792049884111
39,1400,88.30208763427173,92.96792049884111
39,1400,90.55863025705676,92.96792049884111
40,200,80.96181466947758,79.92626052947944
40,200,81.41941778705043,79.92626052947944
40,200,81.08313529945556,79.92626052947944
40,200,79.8196024757443,79.92626052947944
40,200,78.03631649391475,79.92626052947944
40,600,93.595046255999,78.48077500729228
40,600,94.70774074550314,78.48077500729228
40,600,94.1638470441232,78.48077500729228
40,600,92.8832012958857,78.48077500729228
40,600,92.04136906805492,78.48077500729228
41,1100,87.04981510203919,108.3854052286686
41,1100,85.23813383135753,108.3854052286686
41,1100,84.54879473639049,108.3854052286686
41,1100,84.64747630067005,108.3854052286686
41,1100,84.83299364090796,108.3854052286686
41,1300,81.92932174862892,107.88267349168711
41,1300,81.90352315035733,107.88267349168711
41,1300,82.81011020517968,107.88267349168711
41,1300,83.7708804408193,107.88267349168711
41,1300,84.08294256218583,107.88267349168711
42,100,65.60258108485829,67.51950153386903
42,100,66.50972652218557,67.51950153386903
42,100,67.306592012071,67.51950153386903
42,100,68.05778147007996,67.51950153386903
42,100,68.60439574821687,67.51950153386903
42,400,69.53751289675934,68.20227650292729
42,400,68.58681680271981,68.20227650292729
42,400,68.24074977713747,68.20227650292729
42,400,67.91003016434708,68.20227650292729
42,400,67.40090112066888,68.20227650292729
43,200,78.24437637975893,79.80468121570748
43,200,76.56104059508351,79.80468121570748
43,200,76.17902190798804,79.80468121570748
43,200,76.63141195763758,79.80468121570748
43,200,76.85718620450076,79.80468121570748
44,1200,76.11281381381579,86.20433294165119
44,1200,76.17772941375394,86.20433294165119
44,1200,76.08734101330565,86.20433294165119
44,1200,76.33679460003262,86.20433294165119
44,1200,76.8097570566646,86.20433294165119
44,600,101.6549960721997,86.29216588740498
44,600,100.55203661331645,86.29216588740498
44,600,100.76828978495163,86.29216588740498
44,600,102.12356943155264,86.29216588740498
44,600,103.48101737581808,86.29216588740498
45,1200,75.59394811532188,89.97953313877377
45,1200,72.24303260953911,89.97953313877377
45,1200,70.09637704896721,89.97953313877377
45,1200,70.03181319959235,89.97953313877377
45,1200,71.65646793512039,89.97953313877377
45,200,109.9817295650383,89.99594111142979
45,200,110.13844053105358,89.99594111142979
45,200,110.05789416053076,89.99594111142979
45,200,109.03181854904471,89.99594111142979
45,200,107.0929197547608,89.99594111142979
46,200,88.56720406082802,84.20048875690767
46,200,89.94914306283512,84.20048875690767
46,200,91.0042961474621,84.20048875690767
46,200,91.71160487901597,84.20048875690767
46,200,92.3448267340144,84.20048875690767
46,600,90.65724697251082,85.64415432830471
46,600,92.23764006286471,85.64415432830471
46,600,93.85612227142632,85.64415432830471
46,600,94.97074502608476,85.64415432830471
46,600,94.4949942158414,85.64415432830471
47,1200,71.66695443499587,73.40164968853514
47,1200,70.9826515082157,73.40164968853514
47,1200,71.4543311383301,73.40164968853514
47,1200,72.2039396298396,73.40164968853514
47,1200,72.21436546581648,73.40164968853514
47,400,75.12016012406156,73.18004322260309
47,400,74.59512660843984,73.18004322260309
47,400,75.06274532053895,73.18004322260309
47,400,75.50682942433791,73.18004322260309
47,400,75.65969457502489,73.18004322260309
48,100,89.40221856104864,85.41301288007828
48,100,87.55119773890564,85.41301288007828
48,100,87.15461063366887,85.41301288007828
48,100,87.86691803645718,85.41301288007828
48,100,88.14977516294498,85.41301288007828
48,1300,78.69542722096497,87.3142905281245
48,1300,78.23527162986744,87.3142905281245
48,1300,79.13886875528277,87.3142905281245
48,1300,80.48195194950351,87.3142905281245
48,1300,81.36067737666043,87.3142905281245
49,1400,64.94501903920859,69.62798591634638
49,1400,64.63479456065043,69.62798591634638
49,1400,66.85636854228873,69.62798591634638
49,1400,71.71926925742547,69.62798591634638
49,1400,76.59381745898975,69.62798591634638
49,400,73.60160334443978,68.48634127369988
49,400,69.65900835185856,68.48634127369988
49,400,67.45079442401985,68.48634127369988
49,400,67.17566558447751,68.48634127369988
49,400,68.19363212936368,68.48634127369988
50,1100,73.9483569795435,89.92507317311072
50,1100,71.010335528681,89.92507317311072
50,1100,68.28478462501448,89.92507317311072
50,1100,68.3225651657574,89.92507317311072
50,1100,69.56132723687973,89.92507317311072
50,600,107.30497992544343,91.28834391796458
50,600,109.78424827257793,91.28834391796458
50,600,109.24029211203258,91.28834391796458
50,600,108.12047759082928,91.28834391796458
50,600,107.51307709681524,91.28834391796458
51,1300,71.16001529786492,74.16275950288875
51,1300,70.20087165791234,74.16275950288875
51,1300,69.6336762233214,74.16275950288875
51,1300,69.83893668876357,74.16275950288875
51,1300,70.1227544394863,74.16275950288875
51,200,72.94517962581666,73.30468934233065
51,200,70.93606805089233,73.30468934233065
51,200,70.43487198507631,73.30468934233065
51,200,70.34425974810793,73.30468934233065
51,200,70.42213718447334,73.30468934233065
52,400,76.69077474455192,70.24136823732393
52,400,75.11845853363576,70.24136823732393
52,400,74.97639822732833,70.24136823732393
52,400,75.18222679709974,70.24136823732393
52,400,76.21989865509461,70.24136823732393
52,500,77.70510197149228,69.69592992954748
52,500,73.67881108166334,69.69592992954748
52,500,71.24065533406808,69.69592992954748
52,500,71.00941296583645,69.69592992954748
52,500,71.68461588468902,69.69592992954748
53,1300,68.0673877200523,80.0221934333274
53,1300,67.22783926266096,80.0221934333274
53,1300,66.81537381188694,80.0221934333274
53,1300,67.08339990826396,80.0221934333274
53,1300,67.31559565263393,80.0221934333274
53,500,90.6001489368352,80.83903325493156
53,500,90.41711113597408,80.83903325493156
53,500,90.6984162684643,80.83903325493156
53,500,91.3214961054005,80.83903325493156
53,500,91.99932207328416,80.83903325493156
54,200,81.96046231739852,75.08790048475194
54,200,79.63695675315279,75.08790048475194
54,200,78.41820332240232,75.08790048475194
54,200,78.39213996139956,75.08790048475194
54,200,79.0858366950714,75.08790048475194
54,300,88.99074803013704,76.4013680895021
54,300,89.63912706096428,76.4013680895021
54,300,90.2407371518932,76.4013680895021
54,300,90.8234133300327,76.4013680895021
54,300,90.77535247387308,76.4013680895021
55,1100,83.87562383542328,91.36328028804668
55,1100,78.79914921011246,91.36328028804668
55,1100,74.76026102842879,91.36328028804668
55,1100,73.75181234168456,91.36328028804668
55,1100,74.0788801409681,91.36328028804668
55,200,97.36830911698198,89.41273501269502
55,200,94.18231934685728,89.41273501269502
55,200,91.70282880981247,89.41273501269502
55,200,90.78014120642756,89.41273501269502
55,200,91.27793923310936,89.41273501269502
56,1200,87.48454524158153,94.4160483183856
56,1200,85.44338979824282,94.4160483183856
56,1200,82.47719289998469,94.4160483183856
56,1200,80.23434022597937,94.4160483183856
56,1200,79.1320608003831,94.4160483183856
56,500,98.10949572237024,94.05909811771474
56,500,94.68280787529883,94.05909811771474
56,500,92.72569297123782,94.05909811771474
56,500,92.3918349551948,94.05909811771474
56,500,92.6793877091969,94.05909811771474
57,200,84.73526538426395,75.62247420964145
57,200,82.39129895069897,75.62247420964145
57,200,79.99857170468285,75.62247420964145
57,200,78.5681835787637,75.62247420964145
57,200,78.22592032843339,75.62247420964145
57,300,89.46908210318556,78.29053464248098
57,300,90.95467979367356,78.29053464248098
57,300,92.05315014263252,78.29053464248098
57,300,92.79128584830792,78.29053464248098
57,300,92.99800477064016,78.29053464248098
58,1200,65.1570662162688,60.15954247956097
58,1200,62.72493565361221,60.15954247956097
58,1200,59.94357667929166,60.15954247956097
58,1200,57.15643515710707,60.15954247956097
58,1200,54.616212200164426,60.15954247956097
58,300,67.78160345500166,61.28582969593989
58,300,69.46968317599524,61.28582969593989
58,300,72.29059896242049,61.28582969593989
58,300,75.55386607502444,61.28582969593989
58,300,77.74573998047529,61.28582969593989
59,1400,65.14940983189092,78.72950370126298
59,1400,67.01983479173668,78.72950370126298
59,1400,72.16828891013093,78.72950370126298
59,1400,79.44130527570651,78.72950370126298
59,1400,85.07809630163,78.72950370126298
59,200,85.16483250639655,77.68367771861028
59,200,86.49692667583368,77.68367771861028
59,200,86.60121750841925,77.68367771861028
59,200,85.51523431555017,77.68367771861028
59,200,84.45798479674698,77.68367771861028
60,1300,73.96787765893069,79.39538549997158
60,1300,73.85959632448304,79.39538549997158
60,1300,73.67394316464792,79.39538549997158
60,1300,73.66603231873862,79.39538549997158
60,1300,73.86147328073328,79.39538549997158
60,400,79.9990059433355,77.31641655830444
60,400,80.51944044398024,77.31641655830444
60,400,81.35051269273221,77.31641655830444
60,400,82.20597565741767,77.31641655830444
60,400,82.552081927283,77.31641655830444
61,1200,80.67288098975789,80.92585906614397
61,1200,78.51082037506683,80.92585906614397
61,1200,76.67673761834314,80.92585906614397
61,1200,75.88301961132974,80.92585906614397
61,1200,76.07931208950386,80.92585906614397
61,300,90.01409902237128,81.509451627761
61,300,91.38812144277416,81.509451627761
61,300,93.0134322587546,81.509451627761
61,300,93.38835704832366,81.509451627761
61,300,94.01441009932266,81.509451627761
62,1300,70.13534950144364,82.47165628872298
62,1300,67.69444562707629,82.47165628872298
62,1300,66.1077981666053,82.47165628872298
62,1300,65.2990767542934,82.47165628872298
62,1300,65.24412081916768,82.47165628872298
62,300,92.23613669067232,82.00770528925902
62,300,93.3587584644169,82.00770528925902
62,300,94.22026465589352,82.00770528925902
62,300,94.00942152610214,82.00770528925902
62,300,93.0897558198015,82.00770528925902
63,100,80.55041387979087,83.13015181244252
63,100,79.7451377398008,83.13015181244252
63,100,79.94352110835896,83.13015181244252
63,100,81.43557480310466,83.13015181244252
63,100,82.78504949741588,83.13015181244252
63,1200,85.75435855912498,82.8374362577009
63,1200,84.98084101796424,82.8374362577009
63,1200,83.76304701681894,82.8374362577009
63,1200,82.56079565099799,82.8374362577009
63,1200,81.51141491821122,82.8374362577009
64,1100,58.02006416867822,61.43884630483264
64,1100,57.29227377036949,61.43884630483264
64,1100,56.56057997369148,61.43884630483264
64,1100,55.98610766821609,61.43884630483264
64,1100,55.475657543785125,61.43884630483264
64,600,74.54776720856175,62.36111134582095
64,600,71.73783517668258,62.36111134582095
64,600,69.98811224446152,62.36111134582095
64,600,69.79235099827572,62.36111134582095
64,600,70.02866930187523,62.36111134582095
65,1100,87.10995098545942,94.05955472462931
65,1100,85.3372089042292,94.05955472462931
65,1100,84.44742657219695,94.05955472462931
65,1100,84.45995824496171,94.05955472462931
65,1100,85.07719878054588,94.05955472462931
65,1300,93.72022629857578,92.65293295445068
65,1300,93.1137770608906,92.65293295445068
65,1300,92.662355887219,92.65293295445068
65,1300,93.3982105471871,92.65293295445068
65,1300,93.8738412559981,92.65293295445068
66,1400,63.28414466544831,76.29730416725073
66,1400,59.16965455224504,76.29730416725073
66,1400,58.52153215352718,76.29730416725073
66,1400,60.66396066217805,76.29730416725073
66,1400,62.943984681374495,76.29730416725073
66,600,92.77710001995035,76.61778393982969
66,600,92.23979964359496,76.61778393982969
66,600,92.27320322907848,76.61778393982969
66,600,93.35193661436246,76.61778393982969
66,600,95.09252309568768,76.61778393982969
67,1100,69.57211762991818,90.57035650751463
67,1100,68.42034147085049,90.57035650751463
67,1100,67.85175981129402,90.57035650751463
67,1100,67.92650158467232,90.57035650751463
67,1100,67.87556276434944,90.57035650751463
67,500,89.6186109787458,88.16717059056096
67,500,88.7096989310665,88.16717059056096
67,500,87.9580912304131,88.16717059056096
67,500,87.2756668744149,88.16717059056096
67,500,87.53672213440849,88.16717059056096
68,1100,54.25107969277864,57.065066691996456
68,1100,52.18614579640425,57.065066691996456
68,1100,51.15784589047039,57.065066691996456
68,1100,50.90900519430896,57.065066691996456
68,1100,50.94609216559832,57.065066691996456
69,1300,71.16759681483558,79.50545844283548
69,1300,70.07004721235592,79.50545844283548
69,1300,69.39833920888243,79.50545844283548
69,1300,69.40969308314236,79.50545844283548
69,1300,69.66033312806982,79.50545844283548
69,600,92.071593871299,77.75382719047425
69,600,93.71377255913234,77.75382719047425
69,600,92.6618120369637,77.75382719047425
69,600,90.68249026037093,77.75382719047425
69,600,89.31858262995925,77.75382719047425
70,300,89.76291819813447,76.44505548647032
70,300,90.7204021459018,76.44505548647032
70,300,91.70535000010486,76.44505548647032
70,300,93.01378119910432,76.44505548647032
70,300,93.13311812784453,76.44505548647032
70,600,96.52660684265616,76.73784804793237
70,600,95.18992765816776,76.73784804793237
70,600,93.63181973752522,76.73784804793237
70,600,93.43399795732458,76.73784804793237
70,600,94.45104018362052,76.73784804793237
71,500,95.26137920999942,89.47872288287911
71,500,93.2762161892214,89.47872288287911
71,500,91.42440578142802,89.47872288287911
71,500,91.1905954388829,89.47872288287911
71,500,91.78705550495162,89.47872288287911
71,600,109.25883362687512,90.15678205730401
71,600,110.37665037943688,90.15678205730401
71,600,111.83066480273293,90.15678205730401
71,600,113.10239629074609,90.15678205730401
71,600,113.68845383959126,90.15678205730401
72,1300,78.54879400980829,90.94758415052641
72,1300,76.05432011867475,90.94758415052641
72,1300,74.67072747114932,90.94758415052641
72,1300,74.9979972009535,90.94758415052641
72,1300,75.4571423725741,90.94758415052641
72,200,88.87300564737029,90.88637618930508
72,200,87.74591931481382,90.88637618930508
72,200,87.95004101305298,90.88637618930508
72,200,88.23818968147428,90.88637618930508
72,200,88.52618725981031,90.88637618930508
73,1200,65.03986135949387,72.93376031569085
73,1200,65.03220730302654,72.93376031569085
73,1200,64.90303723585039,72.93376031569085
73,1200,64.73140206885354,72.93376031569085
73,1200,64.7718766646503,72.93376031569085
73,400,83.24797463766865,73.25412444095795
73,400,80.73294300320862,73.25412444095795
73,400,77.65320606458755,73.25412444095795
73,400,74.68381609844438,73.25412444095795
73,400,72.54812555406001,73.25412444095795
74,1400,91.42429268618169,91.12902615454357
74,1400,90.18729669603952,91.12902615454357
74,1400,91.88834659515486,91.12902615454357
74,1400,93.99069614970055,91.12902615454357
74,1400,96.33998475985344,91.12902615454357
74,200,92.87118014112696,90.57487866534893
74,200,93.02819517783789,90.57487866534893
74,200,92.33306819226318,90.57487866534893
74,200,91.96257208332872,90.57487866534893
74,200,90.55994419308452,90.57487866534893
75,100,89.13739894891714,82.91335258414544
75,100,88.69676839840876,82.91335258414544
75,100,87.59753460698313,82.91335258414544
75,100,86.39054847073245,82.91335258414544
75,100,86.96183894310163,82.91335258414544
75,500,90.67119375038972,83.50930748229456
75,500,88.81823950309258,83.50930748229456
75,500,86.72476937244465,83.50930748229456
75,500,86.26785863735975,83.50930748229456
75,500,87.12823759735404,83.50930748229456
76,600,80.93873966823925,73.00138769973664
76,600,76.70281226087958,73.00138769973664
76,600,73.75043690256226,73.00138769973664
76,600,73.78015857444697,73.00138769973664
76,600,74.32683367646618,73.00138769973664
77,1300,65.0,64.7102541025275
77,1300,64.84752123593252,64.7102541025275
77,1300,64.60076798917927,64.7102541025275
77,1300,64.35401474242603,64.7102541025275
77,1300,64.10726149567277,64.7102541025275
77,300,70.49063916330213,62.85824791617769
77,300,74.67907376413221,62.85824791617769
77,300,78.7665180396208,62.85824791617769
77,300,80.35893856808221,62.85824791617769
77,300,80.63764779185836,62.85824791617769
78,100,113.99782733174114,112.15473793086092
78,100,113.47671587539442,112.15473793086092
78,100,113.49207286917286,112.15473793086092
78,100,113.77294355966312,112.15473793086092
78,100,113.79465353127682,112.15473793086092
78,400,113.2548085483363,112.49961217801035
78,400,110.67925508507402,112.49961217801035
78,400,109.58990373033464,112.49961217801035
78,400,110.3391641497096,112.49961217801035
78,400,111.4986468579346,112.49961217801035
79,1400,90.25017202411648,117.53291382248081
79,1400,90.27278519915296,117.53291382248081
79,1400,92.52024748934296,117.53291382248081
79,1400,94.18231486964535,117.53291382248081
79,1400,92.48642512317345,117.53291382248081
79,300,129.7581216060754,118.4631975371919
79,300,129.96539165550496,118.4631975371919
79,300,130.12114850370398,118.4631975371919
79,300,128.87968116508418,118.4631975371919
79,300,126.57413897060212,118.4631975371919
80,1300,63.878411283740746,64.23615538334168
80,1300,62.65621035439627,64.23615538334168
80,1300,62.10297680107546,64.23615538334168
80,1300,62.303584120490335,64.23615538334168
80,1300,62.73011099930966,64.23615538334168
80,600,70.13452509166308,62.96467804402406
80,600,74.45310514346578,62.96467804402406
80,600,80.30983154288619,62.96467804402406
80,600,85.88066678645806,62.96467804402406
80,600,89.84988541314097,62.96467804402406
81,1400,81.01830593022433,90.22150594910408
81,1400,81.67491505465982,90.22150594910408
81,1400,84.15207584905419,90.22150594910408
81,1400,87.3769414889348,90.22150594910408
81,1400,89.6103827230858,90.22150594910408
81,300,92.99022566085254,90.43076465364378
81,300,93.10539674789382,90.43076465364378
81,300,92.92117914786697,90.43076465364378
81,300,92.9251663930964,90.43076465364378
81,300,93.51138868254095,90.43076465364378
82,100,48.1540046409095,52.41581486028033
82,100,48.00702588279526,52.41581486028033
82,100,48.5792341314869,52.41581486028033
82,100,49.69280649986102,52.41581486028033
82,100,50.51934527834773,52.41581486028033
82,500,54.89761700052203,56.37640812219697
82,500,52.7872570820185,56.37640812219697
82,500,52.21473669799375,56.37640812219697
82,500,52.45365063246194,56.37640812219697
82,500,54.01481606433918,56.37640812219697
83,1100,72.58163215872177,87.62964556868269
83,1100,71.53576665213613,87.62964556868269
83,1100,71.46224763589504,87.62964556868269
83,1100,71.83769205431918,87.62964556868269
83,1100,72.43267335004104,87.62964556868269
83,1400,78.64221204514111,88.35679120951556
83,1400,78.43749297748913,88.35679120951556
83,1400,80.3296824533702,88.35679120951556
83,1400,84.15125622997036,88.35679120951556
83,1400,86.8299156917638,88.35679120951556
84,1400,87.24984359627278,93.54054001259419
84,1400,87.16565661295783,93.54054001259419
84,1400,88.06464703573438,93.54054001259419
84,1400,89.96953891823664,93.54054001259419
84,1400,91.74246412999032,93.54054001259419
84,600,104.12981706793174,92.04869642161569
84,600,106.28105914953984,92.04869642161569
84,600,107.61270890297828,92.04869642161569
84,600,107.9956834543319,92.04869642161569
84,600,108.34315852995044,92.04869642161569
85,1100,74.78038154535996,83.84918637994062
85,1100,73.81551228663622,83.84918637994062
85,1100,74.90078894916552,83.84918637994062
85,1100,77.21848041154605,83.84918637994062
85,1100,79.60148812785293,83.84918637994062
85,300,91.554579616109,83.36345043296167
85,300,93.311627930893,83.36345043296167
85,300,94.10040573537091,83.36345043296167
85,300,93.40336792706412,83.36345043296167
85,300,93.06225210557253,83.36345043296167
86,100,101.95526064732374,92.9849018355016
86,100,102.78001441687216,92.9849018355016
86,100,104.16337518774586,92.9849018355016
86,100,106.55004740380622,92.9849018355016
86,100,108.92788843881516,92.9849018355016
86,200,109.98636861693808,93.61856109117016
86,200,112.54555635844474,93.61856109117016
86,200,113.19621969920732,93.61856109117016
86,200,112.19822657882392,93.61856109117016
86,200,110.39902964608494,93.61856109117016
87,1400,72.59859720349827,87.2979582743954
87,1400,71.99475035832558,87.2979582743954
87,1400,73.26665857240751,87.2979582743954
87,1400,76.70870054439033,87.2979582743954
87,1400,79.70514940286611,87.2979582743954
87,500,90.77340141828958,88.00982898286682
87,500,88.44586368659874,88.00982898286682
87,500,89.42590213854075,88.00982898286682
87,500,91.64090166360268,88.00982898286682
87,500,93.25449811122118,88.00982898286682
88,1300,82.78514392551405,85.96555622117435
88,1300,82.24580922890536,85.96555622117435
88,1300,81.82036467341634,85.96555622117435
88,1300,80.4864678754435,85.96555622117435
88,1300,80.08656889226013,85.96555622117435
88,400,90.31816760493923,86.35028561382528
88,400,86.54451822452965,86.35028561382528
88,400,85.24741143316136,86.35028561382528
88,400,84.89933064533753,86.35028561382528
88,400,85.27560724737324,86.35028561382528
89,100,95.33157518312528,90.09681026957233
89,100,96.10935341640985,90.09681026957233
89,100,94.61802858501284,90.09681026957233
89,100,94.23353373849548,90.09681026957233
89,100,94.66303002060232,90.09681026957233
89,300,100.91455359892412,89.2856311724031
89,300,100.54321330553526,89.2856311724031
89,300,102.2950299168046,89.2856311724031
89,300,103.2332360166492,89.2856311724031
89,300,104.00377825534704,89.2856311724031
90,1300,79.2147427964755,80.60456703161273
90,1300,75.71357237593207,80.60456703161273
90,1300,73.70580816137095,80.60456703161273
90,1300,72.38354129019095,80.60456703161273
90,1300,71.49183919522669,80.60456703161273
90,600,93.2495493961103,80.6033476702113
90,600,95.53195153170334,80.6033476702113
90,600,96.41291378999684,80.6033476702113
90,600,96.75235837568968,80.6033476702113
90,600,96.71946040582864,80.6033476702113
91,200,96.55391982417086,88.08494419899941
91,200,96.01143827995696,88.08494419899941
91,200,94.79375087440788,88.08494419899941
91,200,94.12559522385205,88.08494419899941
91,200,93.47818246857943,88.08494419899941
91,300,104.72390783375158,90.0784680351592
91,300,107.95404703173288,90.0784680351592
91,300,110.4200929501356,90.0784680351592
91,300,112.57286183452192,90.0784680351592
91,300,113.27021769114904,90.0784680351592
92,1100,72.9761238067181,77.0430057407685
92,1100,68.66423590255506,77.0430057407685
92,1100,65.07026005926586,77.0430057407685
92,1100,63.27084395586154,77.0430057407685
92,1100,61.90820055296927,77.0430057407685
92,1300,72.03446779047624,76.9960397958143
92,1300,69.90641919565407,76.9960397958143
92,1300,68.47428337113682,76.9960397958143
92,1300,67.91110792717376,76.9960397958143
92,1300,67.63289473273538,76.9960397958143
93,1300,79.22722234904852,83.46724399762394
93,1300,78.42905835878281,83.46724399762394
93,1300,78.73251056980777,83.46724399762394
93,1300,80.2393399513129,83.46724399762394
93,1300,81.72022142451563,83.46724399762394
93,400,95.31536955266073,83.48690776559395
93,400,92.0638014919314,83.48690776559395
93,400,88.10746116762037,83.48690776559395
93,400,86.27421185258147,83.48690776559395
93,400,85.30174333502204,83.48690776559395
94,1200,80.44445655213073,80.79869855498522
94,1200,79.12844608975695,80.79869855498522
94,1200,78.29822066026333,80.79869855498522
94,1200,79.02457493001765,80.79869855498522
94,1200,79.41156422008167,80.79869855498522
94,200,83.35445726588691,79.54769043857911
94,200,81.77814354628195,79.54769043857911
94,200,79.318016230802,79.54769043857911
94,200,79.17740801608923,79.54769043857911
94,200,79.3396743190237,79.54769043857911
95,1400,88.46082944781293,100.7140892369616
95,1400,90.64196440564604,100.7140892369616
95,1400,93.48951667934269,100.7140892369616
95,1400,96.109019602532,100.7140892369616
95,1400,95.45734286308289,100.7140892369616
95,200,107.75361862327114,100.00526392400059
95,200,105.51375009280778,100.00526392400059
95,200,103.09800123239492,100.00526392400059
95,200,101.62787722509144,100.00526392400059
95,200,101.08567573084976,100.00526392400059
96,1200,67.6306514450998,67.51440823348851
96,1200,63.36852555667167,67.51440823348851
96,1200,60.93113597027667,67.51440823348851
96,1200,59.59613866207403,67.51440823348851
96,1200,58.32358001630544,67.51440823348851
96,400,75.18662484386087,69.38711257877114
96,400,72.47447147101035,69.38711257877114
96,400,70.30506283070618,69.38711257877114
96,400,68.60612686268695,69.38711257877114
96,400,67.52009718242662,69.38711257877114
97,200,89.83811981853468,84.22251297632735
97,200,88.47202883757554,84.22251297632735
97,200,87.67750493272558,84.22251297632735
97,200,87.05186228009013,84.22251297632735
97,200,87.62341162136623,84.22251297632735
97,400,92.96362484300542,85.43184017921423
97,400,91.30935052875832,85.43184017921423
97,400,89.78667495880292,85.43184017921423
97,400,89.63637211518886,85.43184017921423
97,400,90.61347945221574,85.43184017921423
98,1200,106.47737992790354,110.47317659455773
98,1200,106.7303754891152,110.47317659455773
98,1200,105.79326245613936,110.47317659455773
98,1200,105.49432261500516,110.47317659455773
98,1200,104.63913055853918,110.47317659455773
98,300,112.01126602304964,109.86040892921179
98,300,111.34573564384922,109.86040892921179
98,300,112.13166851398748,109.86040892921179
98,300,112.69178774140096,109.86040892921179
98,300,114.01702505582338,109.86040892921179
99,1200,83.65699321057373,92.8012338404913
99,1200,81.01713754191543,92.8012338404913
99,1200,80.30042096959563,92.8012338404913
99,1200,80.47994311031324,92.8012338404913
99,1200,80.81731072958414,92.8012338404913
99,1400,79.91182167395885,94.36553443562111
99,1400,79.06468389663861,94.36553443562111
99,1400,80.33380977828782,94.36553443562111
99,1400,83.42639802751087,94.36553443562111
99,1400,85.977706436471,94.36553443562111
100,1400,71.0129910485569,75.33172794533412
100,1400,71.51822766700349,75.33172794533412
100,1400,74.68920287425384,75.33172794533412
100,1400,78.55469048178041,75.33172794533412
100,1400,78.10650198284166,75.33172794533412
100,300,85.43062690842203,75.14266349742294
100,300,87.04331917060918,75.14266349742294
100,300,88.66818617226241,75.14266349742294
100,300,87.40806091915478,75.14266349742294
100,300,85.917207211127,75.14266349742294
101,100,71.75853389991826,87.39365212684659
101,100,71.43578530596449,87.39365212684659
101,100,72.24256772602791,87.39365212684659
101,100,73.22440063385736,87.39365212684659
101,100,74.41824847588808,87.39365212684659
101,1400,97.98917822738008,89.44523354370881
101,1400,97.81992321412848,89.44523354370881
101,1400,99.77048419859376,89.44523354370881
101,1400,102.00366793135689,89.44523354370881
101,1400,102.9540887208676,89.44523354370881
102,1300,79.4143286525429,81.0340777695484
102,1300,79.00471150204217,81.0340777695484
102,1300,78.21820949682426,81.0340777695484
102,1300,77.9289850590033,81.0340777695484
102,1300,77.96246959533526,81.0340777695484
102,500,81.68210532758143,80.45740580995955
102,500,81.09609398078092,80.45740580995955
102,500,81.2740915874382,80.45740580995955
102,500,81.05559324908566,80.45740580995955
102,500,81.49477087264454,80.45740580995955
103,1300,71.64892812621542,76.01963258905248
103,1300,68.63545570435463,76.01963258905248
103,1300,66.1183147915514,76.01963258905248
103,1300,65.65943282197564,76.01963258905248
103,1300,66.08639608936393,76.01963258905248
103,600,91.3794823690108,77.91990531299982
103,600,91.35380018683831,77.91990531299982
103,600,90.99260642621424,77.91990531299982
103,600,91.39623763550928,77.91990531299982
103,600,91.8237987782532,77.91990531299982
104,1300,62.47828271997955,71.53322950456611
104,1300,61.35130053474789,71.53322950456611
104,1300,61.03224968910217,71.53322950456611
104,1300,61.43493882815043,71.53322950456611
104,1300,61.69085213632295,71.53322950456611
104,300,78.72552529322637,70.28079311812851
104,300,77.77938898404439,70.28079311812851
104,300,78.35742842154222,70.28079311812851
104,300,78.88976489730398,70.28079311812851
104,300,79.51645139189179,70.28079311812851
105,200,71.11653335296315,71.32110073057692
105,200,68.98692138783343,71.32110073057692
105,200,67.27217034344034,71.32110073057692
105,200,66.75090106225117,71.32110073057692
105,200,67.32738541318224,71.32110073057692
105,600,73.77470794320107,70.77055454224251
105,600,73.12778610790963,70.77055454224251
105,600,72.3932989108098,70.77055454224251
105,600,71.1655824886256,70.77055454224251
105,600,71.57980539685204,70.77055454224251
106,1100,81.1546507511304,75.76109130202906
106,1100,81.0,75.76109130202906
106,1100,81.0,75.76109130202906
106,1100,81.0,75.76109130202906
106,1100,81.0,75.76109130202906
106,1200,84.51692504593821,78.55891077854746
106,1200,82.33302980692814,78.55891077854746
106,1200,79.2699568416695,78.55891077854746
106,1200,75.35082962508268,78.55891077854746
106,1200,71.30001628765754,78.55891077854746
107,300,90.07815783766956,82.90639452624457
107,300,91.88393497157406,82.90639452624457
107,300,94.33862942534608,82.90639452624457
107,300,95.9214760864968,82.90639452624457
107,300,95.45571192828092,82.90639452624457
107,400,83.22528653640252,82.0033233930148
107,400,83.37169526768969,82.0033233930148
107,400,83.11168467843687,82.0033233930148
107,400,82.07513978574183,82.0033233930148
107,400,81.16664895454011,82.0033233930148
108,1200,67.31855380277096,71.57200527684626
108,1200,66.07715682962755,71.57200527684626
108,1200,65.64421510902834,71.57200527684626
108,1200,65.88082633183632,71.57200527684626
108,1200,65.84565592328191,71.57200527684626
108,400,87.60698396199709,72.26173891242152
108,400,84.45025237917385,72.26173891242152
108,400,81.38586305746269,72.26173891242152
108,400,78.31256742910905,72.26173891242152
108,400,76.86695561058077,72.26173891242152
109,600,91.90380767860798,79.80776567731488
109,600,92.8525448671151,79.80776567731488
109,600,95.233709961821,79.80776567731488
109,600,96.65965703349092,79.80776567731488
109,600,96.92250520326358,79.80776567731488
110,1100,77.6188034226884,75.84954710752291
110,1100,77.37205017593516,75.84954710752291
110,1100,77.12529692918191,75.84954710752291
110,1100,77.0,75.84954710752291
110,1100,77.0,75.84954710752291
110,200,77.2194724093268,76.94711465169397
110,200,76.50728080386207,76.94711465169397
110,200,75.61835783074945,76.94711465169397
110,200,73.45537005564867,76.94711465169397
110,200,71.70584410609621,76.94711465169397
111,1400,80.77899360656738,83.8530002652473
111,1400,79.78649069839742,83.8530002652473
111,1400,81.35667072642933,83.8530002652473
111,1400,84.35376284633928,83.8530002652473
111,1400,86.59709605956674,83.8530002652473
111,300,96.02532839052606,86.76858727789258
111,300,94.82972705931893,86.76858727789258
111,300,92.60642084208402,86.76858727789258
111,300,91.44780924103476,86.76858727789258
111,300,89.37363979207488,86.76858727789258
112,200,78.454825130892,79.58639523250417
112,200,77.48334053274873,79.58639523250417
112,200,77.0833083386029,79.58639523250417
112,200,77.02983213503123,79.58639523250417
112,200,76.47949667307205,79.58639523250417
112,400,81.32849906533312,79.04178855168394
112,400,79.86445122466975,79.04178855168394
112,400,79.13392729986282,79.04178855168394
112,400,78.02012967547297,79.04178855168394
112,400,77.30461964359532,79.04178855168394
113,1100,65.18107140941537,66.55103847391437
113,1100,62.94033688900274,66.55103847391437
113,1100,60.609345993438325,66.55103847391437
113,1100,59.65630327365099,66.55103847391437
113,1100,59.31697763818683,66.55103847391437
113,1300,66.9310346565334,67.12666685202404
113,1300,64.96067930609632,67.12666685202404
113,1300,62.7791963500894,67.12666685202404
113,1300,61.37896414959069,67.12666685202404
113,1300,61.03418253716968,67.12666685202404
114,1200,71.83681821926332,74.60058231943586
114,1200,70.02793764242362,74.60058231943586
114,1200,69.47559291150147,74.60058231943586
114,1200,71.80436603641097,74.60058231943586
114,1200,76.69498890406126,74.60058231943586
114,300,68.62892228490338,75.88546535594688
115,1100,72.43077585810707,79.12493184238744
115,1100,70.99810642287845,79.12493184238744
115,1100,69.96255008586041,79.12493184238744
115,1100,68.86451726351982,79.12493184238744
115,1100,67.89466969481795,79.12493184238744
115,600,83.73073992068633,79.20304343516558
115,600,86.0638726727787,79.20304343516558
115,600,88.5190632260723,79.20304343516558
115,600,90.1092346395765,79.20304343516558
115,600,90.24664976689722,79.20304343516558
116,1300,77.96683707072106,88.31621281304835
116,1300,75.21090401818742,88.31621281304835
116,1300,73.17077388082232,88.31621281304835
116,1300,72.59291894320843,88.31621281304835
116,1300,72.98029141868999,88.31621281304835
116,500,95.44578355524963,88.31345245864728
116,500,89.62929387422867,88.31345245864728
116,500,85.67038263283767,88.31345245864728
116,500,86.24434997509053,88.31345245864728
116,500,87.93886467595121,88.31345245864728
117,100,87.67095342136565,87.37399190579393
117,100,87.87023122795732,87.37399190579393
117,100,88.5427718255427,87.37399190579393
117,100,89.50147246488761,87.37399190579393
117,100,90.42902418545314,87.37399190579393
117,1300,86.43117968344585,86.10305948254513
117,1300,84.91987198237867,86.10305948254513
117,1300,83.66237806347533,86.10305948254513
117,1300,82.50807344346661,86.10305948254513
117,1300,81.89045636365586,86.10305948254513
118,1100,66.37722147388375,75.34135413215611
118,1100,65.13619534793871,75.34135413215611
118,1100,64.53210798899333,75.34135413215611
118,1100,64.0052288135925,75.34135413215611
118,1100,64.27658029036088,75.34135413215611
118,300,77.75465269625445,74.84662444458039
118,300,79.57262241272699,74.84662444458039
118,300,80.76647584985345,74.84662444458039
118,300,80.79682821216005,74.84662444458039
118,300,78.7746145776856,74.84662444458039
119,1400,76.94815243621187,85.54137600830272
119,1400,74.50140417396248,85.54137600830272
119,1400,73.72357795145605,85.54137600830272
119,1400,76.58821144042076,85.54137600830272
119,1400,80.39876419331604,85.54137600830272
119,200,96.49117602414384,85.43328312342626
119,200,95.06398869489696,85.43328312342626
119,200,93.47386638839524,85.43328312342626
119,200,91.85974944515144,85.43328312342626
119,200,92.56759483783276,85.43328312342626
120,100,69.74459705724345,73.79080899403517
120,100,66.10472018687756,73.79080899403517
120,100,65.04447461103464,73.79080899403517
120,100,65.287853727093,73.79080899403517
120,100,65.97749340069758,73.79080899403517
120,1400,78.92397101900964,74.02481724965142
120,1400,78.06329430233349,74.02481724965142
120,1400,78.21304041585881,74.02481724965142
120,1400,79.04601128448816,74.02481724965142
120,1400,79.93184002825352,74.02481724965142
121,400,57.26617499244161,57.49521122965949
121,400,56.77646441067452,57.49521122965949
121,400,56.24528787352822,57.49521122965949
121,400,55.20948670230386,57.49521122965949
121,400,54.73710650799078,57.49521122965949
121,500,66.59316199992126,55.9826147177204
121,500,62.39050190686147,55.9826147177204
121,500,58.46763884866392,55.9826147177204
121,500,55.58991042360083,55.9826147177204
121,500,55.39392495052123,55.9826147177204
122,100,65.72113765989032,63.694204154210226
122,100,65.3957386171663,63.694204154210226
122,100,64.53696411512631,63.694204154210226
122,100,63.97649978868889,63.694204154210226
122,100,63.69797229870057,63.694204154210226
122,1100,61.260670673279535,66.67090720971882
122,1100,60.148290676472,66.67090720971882
122,1100,59.24776973043169,66.67090720971882
122,1100,58.66166511552159,66.67090720971882
122,1100,58.044339153157686,66.67090720971882
123,300,94.3692171026618,86.68711309036881
123,300,94.04210143275075,86.68711309036881
123,300,93.8038061986238,86.68711309036881
123,300,93.35761333234382,86.68711309036881
123,300,91.75983160501951,86.68711309036881
123,600,86.33091026570374,86.01078413301543
123,600,82.38602818761554,86.01078413301543
123,600,79.63667016627984,86.01078413301543
123,600,78.7454292123968,86.01078413301543
123,600,80.7172942502158,86.01078413301543
124,1400,96.81631697411144,84.3059046187898
124,1400,97.49129667839446,84.3059046187898
124,1400,99.00274834385166,84.3059046187898
124,1400,100.258493038483,84.3059046187898
124,1400,101.554787086718,84.3059046187898
124,500,78.97062213802751,82.66963870592558
124,500,77.3531338507995,82.66963870592558
124,500,76.99646833242277,82.66963870592558
124,500,77.83393259275527,82.66963870592558
124,500,78.85985732491399,82.66963870592558
125,1300,74.78943069671764,73.01380817492554
125,1300,73.34950535947627,73.01380817492554
125,1300,72.9765193276591,73.01380817492554
125,1300,71.7672335760934,73.01380817492554
125,1300,70.24134511349006,73.01380817492554
125,300,81.07491850646544,72.5403742709849
125,300,82.89534177408589,72.5403742709849
125,300,83.67342207958171,72.5403742709849
125,300,84.37154408966823,72.5403742709849
125,300,83.62266355469113,72.5403742709849
126,1400,74.57708451655004,83.9700074550878
126,1400,74.8927475487515,83.9700074550878
126,1400,78.23231674450899,83.9700074550878
126,1400,81.89772936585022,83.9700074550878
126,1400,84.36603969618749,83.9700074550878
126,400,88.55053191014876,84.67150323123488
126,400,88.3249281051355,84.67150323123488
126,400,88.11646964126851,84.67150323123488
126,400,87.80989112482442,84.67150323123488
126,400,87.05472556543556,84.67150323123488
127,1300,70.50967279244296,73.32153190514656
127,1300,70.18313596052525,73.32153190514656
127,1300,70.75147017565641,73.32153190514656
127,1300,70.80234721625523,73.32153190514656
127,1300,70.80208184915188,73.32153190514656
127,600,74.97744086181181,74.32888705315756
127,600,74.54998450774652,74.32888705315756
127,600,75.77888909149996,74.32888705315756
127,600,76.27298424563882,74.32888705315756
127,600,76.76588772385668,74.32888705315756
155,1400,73.89189848548922,80.43521844254828
155,1400,72.38856377539696,80.43521844254828
155,1400,72.77462300490507,80.43521844254828
155,1400,74.80308047311131,80.43521844254828
155,1400,78.09030356138815,80.43521844254828
155,200,87.18883687180359,80.73134502681935
155,200,85.56233886929301,80.73134502681935
155,200,84.10504494497786,80.73134502681935
155,200,82.71406545370688,80.73134502681935
155,200,82.69617928777423,80.73134502681935
