escenario,corrida,seed,modelo,MAE,RMSE,MAPE,r
A: Todas las posiciones,0,0,Baseline,10.032998304196028,13.167534466357788,11.905104450460328,0.6102796810451563
A: Todas las posiciones,0,0,RF,9.448913566877359,12.291266691889955,11.260922113035628,0.6712465707922619
A: Todas las posiciones,0,0,SVR,9.465041211495496,12.430295919905795,11.223270877713286,0.6614213770131718
A: Todas las posiciones,1,1,Baseline,9.801888524867586,12.957521688499808,11.330059945122434,0.6151977305071484
A: Todas las posiciones,1,1,RF,9.269963682352142,12.185829297226244,10.727459827679834,0.6693943558562048
A: Todas las posiciones,1,1,SVR,9.363535427182667,12.344001190482514,10.805800967229274,0.660050797869788
A: Todas las posiciones,2,2,Baseline,9.831943873294286,12.814203636272524,11.43943608255068,0.6361538823942533
A: Todas las posiciones,2,2,RF,9.394488223872996,12.095213994694841,11.051469649958356,0.684617220698086
A: Todas las posiciones,2,2,SVR,9.404337210388436,12.16619606455352,11.020459983542054,0.6803324207326427
A: Todas las posiciones,3,3,Baseline,9.497056804253761,12.548053905562908,11.003065751650725,0.6068920336858813
A: Todas las posiciones,3,3,RF,9.091200847572551,11.896979683656008,10.59094229066955,0.6521646307722903
A: Todas las posiciones,3,3,SVR,9.102288051403097,11.980979641723074,10.57837214102724,0.6461989434333452
A: Todas las posiciones,4,4,Baseline,9.875256596232898,12.964394537903317,11.518432056351454,0.6392521281624293
A: Todas las posiciones,4,4,RF,9.48404085830886,12.39121070454258,11.062622728058294,0.6785817961162699
A: Todas las posiciones,4,4,SVR,9.487279185187406,12.437673304489062,11.054827356071723,0.6758565306532089
A: Todas las posiciones,5,5,Baseline,10.076099389420246,12.860756201104376,11.8259651977539,0.6190326288811332
A: Todas las posiciones,5,5,RF,9.589446757236269,12.186536616842444,11.286273480002276,0.6665059031166236
A: Todas las posiciones,5,5,SVR,9.565175846724744,12.225094157495317,11.218145595278301,0.6639214614086493
A: Todas las posiciones,6,6,Baseline,9.928587082081023,13.040055902690447,11.526673133545568,0.5994000453508739
A: Todas las posiciones,6,6,RF,9.652239652078064,12.470636339466846,11.315683417099889,0.6401203069418812
A: Todas las posiciones,6,6,SVR,9.537499788027972,12.410492864074746,11.150236037779425,0.6437509201441138
A: Todas las posiciones,7,7,Baseline,9.781811436505427,12.929300253527712,11.41079010419808,0.5899570050105891
A: Todas las posiciones,7,7,RF,9.363632669294034,12.258867141348722,10.972206803074206,0.6421987989225904
A: Todas las posiciones,7,7,SVR,9.310107607164454,12.292381332799748,10.878846575749247,0.6385320174853534
A: Todas las posiciones,8,8,Baseline,9.347555099798809,12.266229668650734,11.156326539759496,0.6116067528572331
A: Todas las posiciones,8,8,RF,8.88624371627408,11.660507250960302,10.582294720632344,0.6562597190687052
A: Todas las posiciones,8,8,SVR,8.878966231988652,11.696763652476916,10.557873430919717,0.6518498552719173
A: Todas las posiciones,9,9,Baseline,10.093067142794942,13.479447080213918,11.918039927189755,0.5682042010860058
A: Todas las posiciones,9,9,RF,9.650589526457349,12.75536808833231,11.456176966016072,0.6207610811904931
A: Todas las posiciones,9,9,SVR,9.694624647031462,12.842436372680739,11.453914777077982,0.6136907693600829
A: Todas las posiciones,10,10,Baseline,10.13933488046808,13.274484423158162,11.90309422000607,0.6057658051650057
A: Todas las posiciones,10,10,RF,9.71874202905462,12.676787105590142,11.444976108058976,0.6488251107004617
A: Todas las posiciones,10,10,SVR,9.77465623800682,12.789098378012925,11.45261270375972,0.6417039973549168
A: Todas las posiciones,11,11,Baseline,9.698372575527205,12.585081451769973,11.443491166983655,0.6275369743239138
A: Todas las posiciones,11,11,RF,9.56398683862179,12.084820955437525,11.334870084195671,0.6622509420076383
A: Todas las posiciones,11,11,SVR,9.529812825172192,12.107574542759217,11.24352661003826,0.6600807396058748
A: Todas las posiciones,12,12,Baseline,10.269378092510548,13.267542581021722,12.05576776894463,0.5840894488186582
A: Todas las posiciones,12,12,RF,9.95342174084771,12.69528407358154,11.73379282727212,0.6280036809680145
A: Todas las posiciones,12,12,SVR,9.926183793449221,12.734605512744512,11.693256358770729,0.6237541414169248
A: Todas las posiciones,13,13,Baseline,9.790757303270365,12.879937902464613,11.428189162667474,0.6178796392528397
A: Todas las posiciones,13,13,RF,9.413930324427605,12.296225595954771,11.050826624061283,0.6586367389612805
A: Todas las posiciones,13,13,SVR,9.412618816925523,12.320032131675323,11.006939717207139,0.6571259165291956
A: Todas las posiciones,14,14,Baseline,9.632476755065634,12.312907589220925,11.542886952641824,0.6552832519510213
A: Todas las posiciones,14,14,RF,9.525182358592508,12.120593911563056,11.439356482155599,0.6680622186263827
A: Todas las posiciones,14,14,SVR,9.500487734633285,12.109769924887768,11.365991142358029,0.6685261289941828
A: Todas las posiciones,15,15,Baseline,10.22136650294966,13.370938363204871,11.84543853253295,0.5963441480568117
A: Todas las posiciones,15,15,RF,9.859189910821542,12.713728841324832,11.483017211674735,0.6431642178556181
A: Todas las posiciones,15,15,SVR,9.907154334741088,12.85473814085836,11.499406934254432,0.6342590584408465
A: Todas las posiciones,16,16,Baseline,9.704011074488275,12.443897102986005,11.367271220607643,0.6323353088244903
A: Todas las posiciones,16,16,RF,9.295099749541219,11.946010264425809,10.936530530116732,0.6680183708850504
A: Todas las posiciones,16,16,SVR,9.32787058575871,11.97321276665873,10.934395708651826,0.6658941643872
A: Todas las posiciones,17,17,Baseline,9.900058994819908,12.978875265718822,11.543564737544648,0.6263003003419162
A: Todas las posiciones,17,17,RF,9.552756946601923,12.308258337018039,11.224709462366397,0.6723996182841261
A: Todas las posiciones,17,17,SVR,9.564038789954202,12.39700049863947,11.186174163615414,0.6669344083274776
A: Todas las posiciones,18,18,Baseline,10.263160311212088,13.276279247188087,11.85464288566734,0.6017163197598208
A: Todas las posiciones,18,18,RF,9.841433457837809,12.492540392905164,11.437738269045571,0.6556445654481928
A: Todas las posiciones,18,18,SVR,9.870659128832289,12.562438142237824,11.422835217480282,0.6523049288532685
A: Todas las posiciones,19,19,Baseline,9.216177456861637,11.968420725688976,10.885690678632475,0.6615847321876336
A: Todas las posiciones,19,19,RF,8.76708825193189,11.412135649651079,10.357172457519882,0.6989673558357303
A: Todas las posiciones,19,19,SVR,8.825451546042688,11.501231339895824,10.392379605256583,0.6931459906665631
A: Todas las posiciones,20,20,Baseline,9.93442522344335,12.989134727125725,11.825284431529862,0.6214075835315243
A: Todas las posiciones,20,20,RF,9.604299174258664,12.465963287323795,11.42849338261733,0.6571301607768432
A: Todas las posiciones,20,20,SVR,9.595654573248295,12.497237476853579,11.406406338896877,0.6545893650350427
A: Todas las posiciones,21,21,Baseline,9.722483936708837,12.63900325771394,11.494749370756315,0.60405292843381
A: Todas las posiciones,21,21,RF,9.2854514084051,12.007122908067425,10.999665561752646,0.6487662839929841
A: Todas las posiciones,21,21,SVR,9.36377827206886,12.128460853122002,11.055991871641115,0.6393410163772535
A: Todas las posiciones,22,22,Baseline,10.37211516241975,13.406164557326695,12.13149697485469,0.614139001522791
A: Todas las posiciones,22,22,RF,9.810854859876844,12.660087360292078,11.545824356301136,0.6659548686370232
A: Todas las posiciones,22,22,SVR,9.843794054723977,12.741398494411081,11.523780396082431,0.6612360687491142
A: Todas las posiciones,23,23,Baseline,9.36550361925362,12.358508181106663,11.010866529117518,0.6253455239266668
A: Todas las posiciones,23,23,RF,9.098953254416104,11.894355549451298,10.676339292013397,0.6583459188768452
A: Todas las posiciones,23,23,SVR,9.064099427842567,11.947433445277971,10.61114171735476,0.6540826161303193
A: Todas las posiciones,24,24,Baseline,10.087443102217026,13.133152312071992,11.853143249252676,0.6262806691476925
A: Todas las posiciones,24,24,RF,9.943597327615114,12.695304582322766,11.7021646507916,0.657895789167221
A: Todas las posiciones,24,24,SVR,9.874443841731795,12.683342321671448,11.58241906542276,0.6592195615948971
A: Todas las posiciones,25,25,Baseline,10.833320135118933,13.649025706173767,12.873158899963496,0.5874302890904933
A: Todas las posiciones,25,25,RF,10.549955211597359,13.139562987216202,12.509801202813623,0.6234345220645603
A: Todas las posiciones,25,25,SVR,10.517674639453112,13.171923210890405,12.44175822084164,0.6207040989771888
A: Todas las posiciones,26,26,Baseline,9.4279593786205,12.210249888094252,11.216438884105763,0.6466649490426224
A: Todas las posiciones,26,26,RF,9.139195472651458,11.713675117911118,10.873672292248553,0.6800355256415606
A: Todas las posiciones,26,26,SVR,9.129386994079471,11.74428302940172,10.805940757461537,0.6782014687472135
A: Todas las posiciones,27,27,Baseline,9.946042822690224,13.076766381620898,11.611754872624328,0.5992842225111862
A: Todas las posiciones,27,27,RF,9.534154869606649,12.454101341740381,11.192051422550456,0.6439589828446612
A: Todas las posiciones,27,27,SVR,9.561739466228378,12.529692111611379,11.194165102992843,0.638745163838686
A: Todas las posiciones,28,28,Baseline,10.718851144793994,14.082688540083128,12.163976723106023,0.5858005181367889
A: Todas las posiciones,28,28,RF,10.21987313907968,13.241781073623095,11.682330598587306,0.6448046989193525
A: Todas las posiciones,28,28,SVR,10.235609746098046,13.295896576598409,11.677929946057725,0.6416715898718734
A: Todas las posiciones,29,29,Baseline,9.254631169138845,11.971681422088565,10.915433038491864,0.6733308632386873
A: Todas las posiciones,29,29,RF,8.889958139296075,11.292797271622673,10.525468650783075,0.7173000588665412
A: Todas las posiciones,29,29,SVR,8.887987193278096,11.304506301842748,10.485001158244787,0.7170603932004327
A: Todas las posiciones,30,30,Baseline,9.812225532267076,12.887642284778865,11.680873951370423,0.6156918135474203
A: Todas las posiciones,30,30,RF,9.38094860157014,12.212143500329574,11.163412654340075,0.6621965364301887
A: Todas las posiciones,30,30,SVR,9.39092056340296,12.273351951501585,11.159339882000916,0.6578611861060519
A: Todas las posiciones,31,31,Baseline,10.224011016629605,13.301692578344698,12.079314681550729,0.6139951473173278
A: Todas las posiciones,31,31,RF,9.703632997321536,12.573911773662838,11.4934490163629,0.6645109337344275
A: Todas las posiciones,31,31,SVR,9.750001545342771,12.699151477731911,11.50833972478091,0.6559760041967336
A: Todas las posiciones,32,32,Baseline,9.651474714265635,12.398996052747473,11.318552753991128,0.6230674983144149
A: Todas las posiciones,32,32,RF,9.233914159860044,11.828571521892902,10.832186113320793,0.6645233029963911
A: Todas las posiciones,32,32,SVR,9.229655350247223,11.903515357175626,10.800173659478888,0.6593765596090901
C: Sedentario + sync estricta,0,0,Baseline,8.433141446741585,10.858239047096276,10.081377244141075,0.6876895029617567
C: Sedentario + sync estricta,0,0,RF,8.401322726136081,10.830858625332631,10.046963615795116,0.6895777316553144
C: Sedentario + sync estricta,0,0,SVR,8.342677328449598,10.815083084758394,10.005256705819884,0.6875061450589188
C: Sedentario + sync estricta,1,1,Baseline,7.946494819087767,9.93012887559805,9.802600270987968,0.7095695015565469
C: Sedentario + sync estricta,1,1,RF,7.918305694441485,9.90692080800721,9.767437565954138,0.7106856312296698
C: Sedentario + sync estricta,1,1,SVR,7.940379618732085,9.9545032078308,9.842314947704297,0.7071753743643043
C: Sedentario + sync estricta,2,2,Baseline,7.654183208282761,9.747194618284153,9.571966531585534,0.7186839083134984
C: Sedentario + sync estricta,2,2,RF,7.7075586404040894,9.755243606620418,9.644539987517446,0.7175478681227083
C: Sedentario + sync estricta,2,2,SVR,7.688932736198389,9.797284963378202,9.653230430425506,0.7154269052615593
C: Sedentario + sync estricta,3,3,Baseline,8.07831174647424,10.19149628062727,9.72140102301139,0.7331060910259765
C: Sedentario + sync estricta,3,3,RF,8.067996260967764,10.148529330175023,9.699446455513066,0.7361545385559158
C: Sedentario + sync estricta,3,3,SVR,8.034569750386689,10.123443960130373,9.706098408808922,0.7351605120622742
C: Sedentario + sync estricta,4,4,Baseline,8.057595052475692,10.196091853286662,9.98980813033749,0.700610194298503
C: Sedentario + sync estricta,4,4,RF,8.017384141736636,10.151353764916047,9.938667656498456,0.7036697392833078
C: Sedentario + sync estricta,4,4,SVR,8.002117676800218,10.154362924267955,9.959975369267806,0.7041655624154829
C: Sedentario + sync estricta,5,5,Baseline,7.8461968904134745,10.076149808803903,9.336188521592884,0.7422721611712996
C: Sedentario + sync estricta,5,5,RF,7.863703066986053,10.048790137622408,9.3813729642115,0.7430924010714768
C: Sedentario + sync estricta,5,5,SVR,7.793384684756569,9.98409230967124,9.307749504438497,0.7454072253671195
C: Sedentario + sync estricta,6,6,Baseline,8.055723697721536,10.3680773990568,10.388294755840796,0.7100692528405148
C: Sedentario + sync estricta,6,6,RF,8.022898333295375,10.319791712837535,10.351342447518292,0.7126895155813118
C: Sedentario + sync estricta,6,6,SVR,8.081818317473303,10.41342628923847,10.448858770131734,0.7086669761237703
C: Sedentario + sync estricta,7,7,Baseline,8.02488142785529,10.036475624410823,10.149815370941031,0.7087790821636997
C: Sedentario + sync estricta,7,7,RF,8.045512953122987,10.043866990400668,10.179987813028395,0.7081160781902525
C: Sedentario + sync estricta,7,7,SVR,8.03350774051582,10.062311571108424,10.212947134717561,0.7095674833893175
C: Sedentario + sync estricta,8,8,Baseline,7.735822272109851,9.597086009925981,9.613198361587564,0.7349099226916567
C: Sedentario + sync estricta,8,8,RF,7.706363855685422,9.531383971185694,9.583987755676572,0.7388459155866223
C: Sedentario + sync estricta,8,8,SVR,7.7035143822173975,9.536554709169854,9.628313630753924,0.7389131837545854
C: Sedentario + sync estricta,9,9,Baseline,7.758437876105481,9.956250380173003,9.638236472169424,0.7223550573227818
C: Sedentario + sync estricta,9,9,RF,7.752813082940489,9.897661217239659,9.636184235644395,0.7256774683256495
C: Sedentario + sync estricta,9,9,SVR,7.762024063675243,9.90792158937477,9.671799390966958,0.724949496387274
C: Sedentario + sync estricta,10,10,Baseline,7.636318536796746,9.704975269769427,9.51011950847385,0.7140492830430015
C: Sedentario + sync estricta,10,10,RF,7.622824779567809,9.689498937532937,9.500050719247206,0.7147228929793403
C: Sedentario + sync estricta,10,10,SVR,7.634535148886556,9.743145208840003,9.556471471266818,0.7122705043504564
C: Sedentario + sync estricta,11,11,Baseline,7.444254339892138,9.291494147047578,9.304622542522537,0.7760298063974017
C: Sedentario + sync estricta,11,11,RF,7.437423975759526,9.26736243600168,9.288752551091365,0.7776793649269743
C: Sedentario + sync estricta,11,11,SVR,7.39141523170964,9.242220800715272,9.280511969901267,0.7796606298021709
C: Sedentario + sync estricta,12,12,Baseline,7.755911458548255,9.621400150051588,9.62156996857145,0.7465477862315308
C: Sedentario + sync estricta,12,12,RF,7.755718905256468,9.567185915099433,9.631244408797043,0.7497477508662641
C: Sedentario + sync estricta,12,12,SVR,7.70863315447542,9.568785834797449,9.61525386803733,0.7494883352957811
C: Sedentario + sync estricta,13,13,Baseline,7.4965747142739945,9.583164106322974,9.312226104111664,0.7136911016306174
C: Sedentario + sync estricta,13,13,RF,7.534821963974442,9.607340232661628,9.373354220105606,0.7115390656314844
C: Sedentario + sync estricta,13,13,SVR,7.4916534621182445,9.569664083501952,9.341745285019378,0.7142064182089785
C: Sedentario + sync estricta,14,14,Baseline,8.029944450938448,10.375712354594182,9.726600082102545,0.682345841322727
C: Sedentario + sync estricta,14,14,RF,8.054491792006646,10.354102939627351,9.760820765648724,0.6833038101708486
C: Sedentario + sync estricta,14,14,SVR,8.012333494844931,10.336625450954484,9.74609735249743,0.6830497779569672
C: Sedentario + sync estricta,15,15,Baseline,7.739429883240031,9.894990851297631,9.567385412613106,0.7444057559224881
C: Sedentario + sync estricta,15,15,RF,7.742228530956662,9.862576162347061,9.56967101226322,0.7466384563684221
C: Sedentario + sync estricta,15,15,SVR,7.733241303938193,9.878337714925095,9.598785848554197,0.745083397749914
C: Sedentario + sync estricta,16,16,Baseline,8.659895223581277,11.014751634103575,10.609629848407314,0.6657660195997284
C: Sedentario + sync estricta,16,16,RF,8.586967823535002,10.958647523739216,10.52673483455414,0.6689505251822334
C: Sedentario + sync estricta,16,16,SVR,8.570022747236749,10.96741263657651,10.550840281955038,0.6678855834436035
C: Sedentario + sync estricta,17,17,Baseline,8.35052736117492,10.354157893405382,10.44478681474659,0.6755750006256626
C: Sedentario + sync estricta,17,17,RF,8.330576367803284,10.311767256601387,10.431485246624298,0.6772372391207946
C: Sedentario + sync estricta,17,17,SVR,8.331489066798657,10.333783423499174,10.475623530791532,0.6779233710949688
C: Sedentario + sync estricta,18,18,Baseline,7.576745531820094,9.718219349714555,9.23233152568436,0.7397225674636745
C: Sedentario + sync estricta,18,18,RF,7.541544056070597,9.687772323233474,9.190969459204812,0.7415242196655766
C: Sedentario + sync estricta,18,18,SVR,7.5484463404120286,9.68155823862483,9.213757399010058,0.7411742481627955
C: Sedentario + sync estricta,19,19,Baseline,8.6407530865874,10.829071777752684,10.641267301257932,0.6499670214880151
C: Sedentario + sync estricta,19,19,RF,8.608023961476786,10.764934262427065,10.599585954025475,0.6534740072643567
C: Sedentario + sync estricta,19,19,SVR,8.637565619035682,10.838818195361224,10.682593766207722,0.6485992171727145
C: Sedentario + sync estricta,20,20,Baseline,7.3039146226837435,9.615320733220772,9.00239454409284,0.7128191458982096
C: Sedentario + sync estricta,20,20,RF,7.21866384071439,9.516856835569381,8.889729714952118,0.719168587977719
C: Sedentario + sync estricta,20,20,SVR,7.251168098056419,9.565678174186456,8.97703003875717,0.7177678617292129
C: Sedentario + sync estricta,21,21,Baseline,8.324316835386186,10.292885185326314,10.409157271469775,0.6971919065563075
C: Sedentario + sync estricta,21,21,RF,8.323335246321765,10.273809849032615,10.395934925655956,0.6976145037382206
C: Sedentario + sync estricta,21,21,SVR,8.334039136573528,10.360946756865003,10.480548198961852,0.6953445724919314
C: Sedentario + sync estricta,22,22,Baseline,7.419953539655696,9.273040832852319,9.205366715058041,0.7256485825175314
C: Sedentario + sync estricta,22,22,RF,7.419231914150949,9.225328579305886,9.198278608931162,0.7275262889113312
C: Sedentario + sync estricta,22,22,SVR,7.398038075848899,9.235169276254513,9.219566996597123,0.7279573042755649
C: Sedentario + sync estricta,23,23,Baseline,8.522384789189273,10.617479932745132,10.5992069195451,0.6863526026590865
C: Sedentario + sync estricta,23,23,RF,8.506006132704922,10.585601799519768,10.57818408159789,0.6887334223731983
C: Sedentario + sync estricta,23,23,SVR,8.508982192130722,10.606344267493467,10.636454937960307,0.6876069541759939
C: Sedentario + sync estricta,24,24,Baseline,8.237545486457867,10.520436967955128,10.335948898602467,0.6608785796689759
C: Sedentario + sync estricta,24,24,RF,8.282145089526965,10.515823777933457,10.38725096359205,0.6605406682127296
C: Sedentario + sync estricta,24,24,SVR,8.294151397283258,10.553560035370465,10.43110321836833,0.6595619620837945
C: Sedentario + sync estricta,25,25,Baseline,7.571383282693965,9.443446468714804,9.536965104540236,0.7300010125514197
C: Sedentario + sync estricta,25,25,RF,7.568993635989555,9.417585875912284,9.529123618743467,0.7308790358035033
C: Sedentario + sync estricta,25,25,SVR,7.549331230057233,9.442720601104492,9.55464957020655,0.7311051682203844
C: Sedentario + sync estricta,26,26,Baseline,7.633255135545357,9.626538004130833,9.549964321225799,0.7272105014882847
C: Sedentario + sync estricta,26,26,RF,7.659465531028139,9.625261765268467,9.586739980425845,0.7269517350156697
C: Sedentario + sync estricta,26,26,SVR,7.626668123391968,9.651571473380539,9.588312084237668,0.7263586763748747
C: Sedentario + sync estricta,27,27,Baseline,7.502836964607951,9.74787137787397,9.288297290639111,0.7290908044254445
C: Sedentario + sync estricta,27,27,RF,7.5114380660733735,9.774794597195442,9.293006028881926,0.7273497306759343
C: Sedentario + sync estricta,27,27,SVR,7.4922303203058425,9.758997428120338,9.309405107872239,0.7291678795252081
C: Sedentario + sync estricta,28,28,Baseline,7.859636965944804,9.738959202901357,9.851298190448656,0.716243717585881
C: Sedentario + sync estricta,28,28,RF,7.8248280862856925,9.709793785173146,9.787837809783282,0.7180339217030869
C: Sedentario + sync estricta,28,28,SVR,7.848166117390534,9.72900477036375,9.846526330065803,0.7170828566945804
C: Sedentario + sync estricta,29,29,Baseline,7.6668944904608844,9.704690170991013,9.574259340367766,0.7330741968189537
C: Sedentario + sync estricta,29,29,RF,7.619392965059351,9.654303405142223,9.526803817628354,0.7359463986339965
C: Sedentario + sync estricta,29,29,SVR,7.59722741827898,9.651597287837786,9.511752462953545,0.7365907124687323
C: Sedentario + sync estricta,30,30,Baseline,8.194126310689954,10.39721275038146,10.07405469419609,0.6650200335421771
C: Sedentario + sync estricta,30,30,RF,8.11863136187754,10.330981632683091,9.981451400824445,0.6683566088114927
C: Sedentario + sync estricta,30,30,SVR,8.152714318210363,10.388541907873329,10.053484306133445,0.665886895328487
C: Sedentario + sync estricta,31,31,Baseline,7.91781132916002,10.333441606468208,9.9944206694852,0.6866011311046492
C: Sedentario + sync estricta,31,31,RF,7.870310639046933,10.226107283046874,9.936621343630115,0.6932975728320387
C: Sedentario + sync estricta,31,31,SVR,7.903102283477577,10.281453652107976,10.027595524469818,0.6914927979635461
C: Sedentario + sync estricta,32,32,Baseline,7.827617361791772,9.769651163612998,9.733421447644847,0.7228298890197216
C: Sedentario + sync estricta,32,32,RF,7.776186117686792,9.718195181937737,9.67161180961825,0.7258543026402822
C: Sedentario + sync estricta,32,32,SVR,7.755647172138066,9.685923666064344,9.686652295682997,0.7286635927070637
